source_file,plot_nr,n_trees_gt,Species,Nr_of_trees_field,Conifer,Broadleaved,Broadleaved_prop,shannon_index,berger_parker,clarkevans,complexity_score,dbh_mean,dbh_sd,dbh_median,dbh_p10,dbh_p90,h_mean,h_sd,h_median,h_p10,h_p90,aboveground_points,tree_points_aboveground,cai_mean_over_occupied,cai_max,mean_shared_fraction,median_shared_fraction,mean_n_competitors
Rem_Herby_2016_2202806.laz,2202806,15,2.0,16.0,14.0,2.0,0.125,0.376770161256437,0.866666666666667,1.013118507820467,-0.164444463,256.5,54.32372103,257.5,225.0,308.0,21.4125,3.429066928,21.9,21.0,23.45,2718622,2114109,1.0383995703544575,2.0,0.0028894019290463,0.0021034917963819,1.368421052631579
Rem_Piensk_2016_2404602.laz,2404602,21,3.0,19.0,19.0,0.0,0.0,1.06011893593984,0.333333333333333,1.245756569510457,0.163441635,308.9473684,65.26226891,309.0,235.8,405.0,25.12105263,2.979667943,26.0,19.94,27.64,3987730,2601868,1.1222439980401764,3.0,0.0019952569945944,0.0013616076330178,1.75
Rem_Piensk_2016_2401002.laz,2401002,39,1.0,36.0,36.0,0.0,0.0,0.0,0.923076923076923,1.213060122105269,-0.10164176,256.2777778,49.0292106,261.0,204.5,318.5,24.9,1.846231683,25.0,23.55,26.35,3037165,2663475,1.0592566619915849,3.0,0.0014867180376984,0.0008474029797184,0.95
Rem_Piensk_2016_3102202.laz,3102202,22,3.0,21.0,20.0,1.0,0.047619048,0.380506218477596,0.818181818181818,1.163054146018354,0.18343981,322.5238095,58.88600772,312.0,280.0,402.0,26.19047619,4.223967893,26.3,24.8,30.1,3059452,2445107,1.119404277426617,3.0,0.0035964078633743,0.003157362970447,1.52
Rem_Gorlice_2015_6905203.laz,6905203,7,7.0,27.0,5.0,22.0,0.814814815,0.955699891112534,0.428571428571429,0.9074889467491156,1.098045273,274.3333333,106.8946282,295.0,148.2,390.8,20.55555556,6.277513798,22.3,12.6,26.74,1969603,1617763,1.1116414744099707,2.0,0.0047190202272217,0.0,0.4444444444444444
Rem_Gorlice_2015_5705203.laz,5705203,9,3.0,33.0,13.0,20.0,0.606060606,0.636514168294813,0.666666666666667,0.8795017672204661,0.471364551,162.0,93.6692986,138.0,79.4,298.4,15.18181818,5.496445132,15.3,8.3,22.1,2066591,764719,1.1565692563554288,3.0,0.0005396226325534,7.332453438920662e-05,0.6666666666666666
Rem_Herby_2016_2102406.laz,2102406,27,2.0,23.0,22.0,1.0,0.043478261,0.178844912716848,0.814814814814815,1.00190245428013,-0.294649025,272.7391304,43.8595044,265.0,227.4,335.2,23.10869565,1.245688216,23.0,21.82,24.86,2303813,1826959,1.1171343537414966,3.0,0.0102093528648257,0.0078428652109048,2.6875
Rem_Herby_2016_0702506.laz,702506,33,2.0,31.0,28.0,3.0,0.096774194,0.317936780262242,0.848484848484848,1.194072231898592,0.089935093,265.3548387,63.20208245,280.0,194.0,318.0,24.39032258,4.262734243,26.0,20.0,26.8,2443786,2086496,1.1289835625628983,3.0,0.0025431581467497,0.0022421524663677,1.3142857142857145
Rem_Piensk_2016_1702302.laz,1702302,38,3.0,33.0,11.0,22.0,0.666666667,0.759785767739997,0.552631578947368,1.264493881973982,0.315832846,233.4848485,57.21129762,227.0,172.2,312.2,20.19393939,3.364886643,21.3,15.52,23.0,3228987,2471532,1.1349669082886855,3.0,0.0032928165436484,0.0007432575991156,1.0
Rem_Piensk_2016_1601102.laz,1601102,24,1.0,19.0,19.0,0.0,0.0,0.0,0.791666666666667,1.24038440775691,-0.359347821,314.5789474,42.78799908,297.0,266.8,365.0,27.67894737,1.489063444,27.1,26.2,29.72,1981283,1692540,1.0421534936998855,3.0,0.0014403464707744,0.0002980625931445,0.6666666666666666
Rem_Piensk_2016_1700702.laz,1700702,46,1.0,40.0,40.0,0.0,0.0,0.0,0.847826086956522,1.192520792418795,-0.292558532,224.525,43.35481962,223.5,184.7,276.7,20.8225,1.178762389,20.75,19.19,22.11,1997934,1227425,1.1137020361534844,3.0,0.0093397749461484,0.0066671093115098,2.3846153846153846
Rem_Milicz_2015_2506201.laz,2506201,36,1.0,32.0,32.0,0.0,0.0,0.0,0.888888888888889,1.073564614237808,-0.294670817,251.8125,42.49663175,239.0,207.1,326.9,24.134375,1.532783547,23.9,22.23,26.29,2569456,2295369,1.0665370307744335,3.0,0.0061317254573801,0.0040148909424944,2.055555555555556
Rem_Herby_2016_1702406.laz,1702406,40,2.0,32.0,25.0,7.0,0.21875,0.525321319515595,0.625,1.193015949906594,-0.155789901,203.84375,55.02146758,199.5,141.4,269.4,20.3375,1.946502239,20.45,18.3,22.55,2120009,1424767,1.0886798520662486,3.0,0.0118595529576292,0.0043421623968736,1.74468085106383
Rem_Milicz_2015_2204901.laz,2204901,38,1.0,33.0,33.0,0.0,0.0,0.0,0.868421052631579,1.228117762863059,-0.360901527,263.3939394,43.44172778,261.0,216.4,288.8,22.35454545,1.389489769,22.4,20.38,24.08,2621953,2101455,1.0740638386071577,3.0,0.008868743316438,0.0090882785310219,2.260869565217391
Rem_Gorlice_2015_5905203.laz,5905203,8,4.0,16.0,7.0,9.0,0.5625,0.376770161256437,0.875,0.895021720782453,0.306608825,239.875,117.7018125,219.5,77.5,381.5,19.4125,8.462141179,19.9,6.85,28.3,3665366,3166652,1.064951149029861,2.0,0.0004314031012536,0.0002456820739787,1.0
Rem_Piensk_2016_1902802.laz,1902802,58,3.0,45.0,20.0,25.0,0.555555556,0.890808793971051,0.379310344827586,1.139839292116329,0.287800867,167.4888889,57.31516625,161.0,93.4,254.8,17.15111111,2.82984277,17.9,12.94,19.74,3031663,2501379,1.1522462562396008,4.0,0.0166920258293833,0.0059036150075638,1.6129032258064515
Rem_Herby_2017_1102006.laz,1102006,34,3.0,26.0,20.0,6.0,0.230769231,0.70016118405654,0.588235294117647,1.025572435179368,0.077637934,214.8076923,59.5375641,222.5,145.5,278.5,19.66153846,3.576487318,20.6,17.75,22.5,3657181,2704595,1.1661486770264595,3.0,0.0183044645471023,0.0079785080468301,2.1578947368421053
Rem_Milicz_2015_4302601.laz,4302601,25,1.0,19.0,19.0,0.0,0.0,0.0,0.76,1.297415522724185,-0.176858422,303.0526316,48.225712,301.0,238.2,360.8,27.55263158,1.35292622,27.7,26.48,29.1,2957180,2645871,1.0124761042358386,2.0,0.0009123837754705,0.0006328538327099,0.6428571428571429
Rem_Herby_2017_2503606.laz,2503606,48,2.0,43.0,8.0,35.0,0.813953488,0.45704453303756,0.708333333333333,0.9075327878717436,0.409773466,235.6976744,73.80493431,241.0,145.4,325.6,22.25348837,4.268564431,23.7,15.92,26.36,3112252,2388907,1.235705530319417,4.0,0.0063449348066472,0.0021898381917371,1.76
Rem_Piensk_2016_3203502.laz,3203502,24,2.0,29.0,23.0,6.0,0.206896552,0.0,0.958333333333333,1.166929289435821,-0.078962313,251.2758621,95.46536266,275.0,93.6,361.0,20.01034483,5.054583834,22.0,11.32,23.98,2566795,2110421,1.0786917387042154,3.0,0.0097193443482273,0.0026385224274406,1.84
Rem_Herby_2016_2502406.laz,2502406,22,2.0,24.0,24.0,0.0,0.0,0.410116318288409,0.818181818181818,1.040428033967801,0.01218189,254.0,98.54197958,280.0,90.2,355.6,19.9625,6.233835619,22.6,9.39,24.55,4118089,3786613,1.1328757299457022,3.0,0.0181220837940693,0.01184449858205,2.272727272727273
Rem_Piensk_2016_1602102.laz,1602102,36,2.0,34.0,33.0,1.0,0.029411765,0.0,0.916666666666667,1.181532275947095,-0.234106659,259.9411765,48.53735904,267.5,205.4,312.1,21.59705882,2.8193579,21.95,19.46,24.3,1914720,1605591,1.0885433195810854,3.0,0.0090062074394107,0.0062391780062129,2.0
Rem_Piensk_2016_2802402.laz,2802402,26,2.0,22.0,19.0,3.0,0.136363636,0.398307113805284,0.730769230769231,1.187465317030351,-0.061064485,280.5454545,53.33070881,266.5,224.5,337.4,23.14545455,1.344380641,23.2,22.01,24.4,2635912,2426794,1.1006490967388751,3.0,0.0045410503738806,0.0032879286049788,1.870967741935484
Rem_Gorlice_2015_6204103.laz,6204103,19,2.0,31.0,30.0,1.0,0.032258065,1.03739232462091,0.578947368421053,0.6836360347022675,-0.148870054,177.6129032,40.12453731,172.0,128.0,237.0,16.97096774,5.303721558,18.3,11.1,21.6,1854511,1386922,1.1687575184739647,4.0,0.009269350168089,0.0002811357885858,0.8571428571428571
Rem_Herby_2016_5901206.laz,5901206,34,4.0,18.0,14.0,4.0,0.222222222,0.566085738959629,0.588235294117647,0.9898107589398004,0.078634181,206.6666667,67.1626647,210.5,126.4,280.0,15.65,3.780017118,16.85,9.07,19.14,3160294,2543719,1.0782764811490126,3.0,0.0186625063637804,0.0017921146953405,1.3142857142857145
Rem_Herby_2017_4102706.laz,4102706,41,2.0,43.0,43.0,0.0,0.0,0.0,0.902439024390244,0.9109116840258592,-0.080183667,210.1162791,55.54072264,215.0,146.2,274.8,20.69767442,4.766474607,22.0,17.76,24.14,3003636,2570401,1.1232127434987045,3.0,0.0121212153891304,0.0074349442379182,2.097560975609756
Rem_Piensk_2016_3100602.laz,3100602,68,1.0,53.0,53.0,0.0,0.0,0.0,0.764705882352941,1.118780067998744,-0.258139013,185.9056604,41.77009611,180.0,139.6,238.2,18.39622642,1.355751603,18.5,16.7,19.88,2112858,1615473,1.102383716959224,3.0,0.0152659376008405,0.0114480253472444,2.421052631578948
Rem_Katrynka_2016_6302005.laz,6302005,34,4.0,27.0,24.0,3.0,0.111111111,0.154076103671029,0.794117647058823,0.9411802615952176,0.52194835,278.5185185,144.6495421,338.0,76.6,406.4,19.84074074,8.373229285,23.2,7.02,27.86,3868130,3181175,1.069801736850729,3.0,0.0126402249389084,0.0008410428931875,0.7428571428571429
Rem_Piensk_2016_2502602.laz,2502602,60,3.0,46.0,14.0,32.0,0.695652174,0.679497407835936,0.533333333333333,1.058508225356307,0.478933027,178.4565217,58.51408435,169.0,117.0,250.0,20.2,4.190836565,21.6,13.2,23.4,3101212,1848777,1.1261838638467565,3.0,0.0214762368615801,0.0088523672549172,1.7272727272727273
Rem_Herby_2017_3601406.laz,3601406,25,4.0,21.0,19.0,2.0,0.095238095,1.10588987902476,0.36,1.055231831469307,0.360402036,287.5714286,119.7240876,281.0,189.0,374.0,24.62857143,5.59822676,26.3,22.7,27.5,2836142,2634883,1.175859375,3.0,0.0116294363626302,0.0088130774697938,2.2222222222222223
Rem_Milicz_2015_4307201.laz,4307201,46,3.0,33.0,27.0,6.0,0.181818182,0.589869161838712,0.58695652173913,1.028060701255933,0.229666717,254.2121212,68.11881053,251.0,161.8,361.4,22.81818182,4.194747798,23.8,20.36,25.58,2294055,1952785,1.173875864034775,4.0,0.0105516593506939,0.0012981891354728,1.0416666666666667
Rem_Piensk_2016_2504302.laz,2504302,54,2.0,35.0,0.0,35.0,1.0,0.0,0.592592592592593,0.8221752081235459,0.332118745,138.8285714,37.33747976,143.0,89.2,183.6,15.09714286,3.031257331,16.5,10.0,17.6,4361622,3731355,1.156552779194289,3.0,0.0128074935326833,0.008792965627498,1.5789473684210529
Rem_Piensk_2016_1802502.laz,1802502,57,2.0,48.0,48.0,0.0,0.0,0.233791658706459,0.789473684210526,1.144271350383304,0.114085285,219.8958333,56.35270372,230.5,147.8,289.2,23.36041667,4.304166195,24.4,20.75,26.33,2480131,2118748,1.1293369187381124,4.0,0.021030334023912,0.0133093525179856,3.0476190476190474
Rem_Milicz_2015_3404601.laz,3404601,37,1.0,32.0,32.0,0.0,0.0,0.0,0.864864864864865,1.258904627241872,-0.320490256,259.6875,48.14054525,255.0,203.5,333.2,22.621875,1.326585327,22.55,20.9,24.0,2805387,2288106,1.065188953488372,3.0,0.0050364444531557,0.0028812047542989,1.6842105263157894
Rem_Piensk_2016_3103402.laz,3103402,47,1.0,40.0,40.0,0.0,0.0,0.0,0.829787234042553,1.14103327681663,-0.086440794,254.625,59.15372737,243.0,196.7,344.5,22.885,2.512690865,23.25,20.88,25.25,3777607,2689588,1.1296761316077522,3.0,0.0122345053549333,0.0096618357487922,2.5283018867924527
Rem_Piensk_2016_0601402.laz,601402,30,1.0,24.0,24.0,0.0,0.0,0.0,0.766666666666667,0.9972004213653568,-0.38088408,282.6666667,42.12885685,288.5,245.0,333.8,23.89166667,1.235671501,23.9,22.3,25.54,2327211,1584153,1.0760693641618495,3.0,0.0108354760520498,0.0085610800131708,2.303030303030303
Rem_Katrynka_2016_4301405.laz,4301405,14,2.0,9.0,9.0,0.0,0.0,0.529706199057654,0.5,0.9878359107996608,-0.07873549,453.8888889,90.51304387,467.0,389.4,532.2,33.14444444,4.291593851,34.2,28.68,36.22,3046750,2704808,1.0825116279069766,4.0,0.0049462428785516,0.0022453561951418,1.1764705882352942
Rem_Piensk_2016_1301202.laz,1301202,46,2.0,36.0,35.0,1.0,0.027777778,0.126930545341402,0.760869565217391,1.190387355935886,-0.052063683,240.0833333,38.98745219,234.5,196.5,284.0,20.46666667,3.156670941,21.15,19.2,22.4,3354422,2743271,1.132005159810807,3.0,0.0105249939681241,0.005420054200542,1.8867924528301887
Rem_Herby_2016_2302606.laz,2302606,24,4.0,28.0,18.0,10.0,0.357142857,0.962456216779642,0.541666666666667,1.069299949201392,0.450167461,274.8928571,104.3002572,318.5,120.8,375.9,20.64285714,5.675119746,23.95,12.5,25.93,3470014,2922014,1.3282436236458244,3.0,0.0076592314643005,0.004250797024442,1.6
Rem_Herby_2016_6606306.laz,6606306,45,2.0,27.0,24.0,3.0,0.111111111,0.0,0.822222222222222,1.029249997844438,0.028523449,287.4444444,58.77815746,289.0,219.0,345.0,23.77777778,3.57473327,24.6,21.3,26.44,3422180,2951495,1.0976001284212216,3.0,0.0076303572042973,0.0061601642710472,1.7959183673469388
Rem_Katrynka_2016_5902605.laz,5902605,17,1.0,30.0,0.0,30.0,1.0,0.244930026794635,0.823529411764706,0.9718706497925872,0.48927336,211.6333333,98.5902294,218.0,92.8,325.2,19.42333333,6.953723058,22.75,9.63,26.51,1841076,1666493,1.070856043603719,3.0,0.0058316116196046,0.0032414910858995,0.9473684210526316
Rem_Herby_2016_6508806.laz,6508806,38,3.0,21.0,1.0,20.0,0.952380952,0.370802358089488,0.736842105263158,1.061867535999181,0.510442847,289.047619,140.5295258,239.0,150.0,494.0,21.66190476,6.917259298,22.0,13.0,30.5,3235303,2557957,1.120094131936537,4.0,0.0041003424962205,0.0026068338315142,1.8
Rem_Herby_2016_2003206.laz,2003206,74,1.0,62.0,62.0,0.0,0.0,0.0,0.837837837837838,1.145558608222086,-0.174730143,184.9193548,45.35589624,179.0,129.3,245.9,18.99677419,2.11628872,19.4,16.22,21.29,1774960,689998,1.172773038735841,3.0,0.0206376135693374,0.0145086914296316,2.41025641025641
Rem_Herby_2016_6505806.laz,6505806,26,2.0,16.0,16.0,0.0,0.0,0.0,0.730769230769231,0.9219808759892127,-0.098422495,250.5625,162.2573958,190.5,102.5,491.0,18.2875,7.37065126,17.95,9.7,28.25,3432975,2976546,1.0677215708780847,3.0,0.0058284800573815,0.0033992603521451,1.8
Rem_Piensk_2016_1401302.laz,1401302,89,1.0,70.0,70.0,0.0,0.0,0.0,0.786516853932584,1.164518195728717,-0.160482685,154.8285714,27.01044963,151.0,121.8,183.6,16.45285714,0.948487954,16.5,15.28,17.62,2132885,888059,1.079808459696728,3.0,0.0151516553808446,0.0081664555630715,1.9318181818181817
Rem_Piensk_2016_2604602.laz,2604602,35,6.0,42.0,5.0,37.0,0.880952381,1.29110976523851,0.457142857142857,0.9388231860124334,0.691883549,168.2380952,67.37583323,155.0,89.4,271.0,15.58095238,6.041209623,16.3,6.44,22.67,3366116,2279724,1.1991978609625669,4.0,0.00509365391985,0.0024291609191568,1.105263157894737
Rem_Herby_2016_6706006.laz,6706006,28,2.0,48.0,21.0,27.0,0.5625,0.0,0.75,1.227459677975764,0.425153365,239.5,115.5904362,247.5,86.5,397.3,20.11458333,6.915723361,21.8,10.74,27.23,2454803,1603994,1.0669558811492184,3.0,0.0164721012328244,0.0143334481302041,2.4
Rem_Piensk_2016_3100502.laz,3100502,84,2.0,69.0,68.0,1.0,0.014492754,0.0757510850034151,0.785714285714286,1.200204569715397,-0.054121978,160.884058,34.79965189,155.0,119.0,193.8,16.65072464,1.095528772,16.8,15.36,17.92,3413478,3064892,1.1300712896953986,4.0,0.0232191873836731,0.0198019801980198,3.154639175257732
Rem_Herby_2016_5000506.laz,5000506,28,3.0,26.0,22.0,4.0,0.153846154,0.600166073159646,0.642857142857143,0.9510762799146812,0.054590716,221.8461538,68.22298282,220.0,139.0,307.5,20.56538462,4.023723878,21.8,15.9,23.7,1760932,1481066,1.0986507014565277,4.0,0.0034573894960079,0.0014872044022282,1.588235294117647
Rem_Piensk_2016_3203002.laz,3203002,46,3.0,37.0,36.0,1.0,0.027027027,0.247750827451536,0.760869565217391,1.15445647152712,0.060944328,245.8648649,65.85386269,241.0,144.6,324.6,23.15135135,3.839388089,24.1,18.76,26.32,2608923,2411843,1.1281374839828144,4.0,0.0049131764703044,0.0020057816857938,1.04
Rem_Piensk_2016_2700402.laz,2700402,85,2.0,65.0,65.0,0.0,0.0,0.0794870032030371,0.752941176470588,1.204615210010777,0.204097444,186.7538462,46.94645579,185.0,126.0,245.8,19.76923077,2.4688638,20.1,16.74,22.18,4802135,2497477,1.1436986212699851,3.0,0.0130550925535912,0.0100908173562058,2.673684210526316
Rem_Piensk_2016_2202902.laz,2202902,25,3.0,44.0,43.0,1.0,0.022727273,0.0,0.84,0.943505213514202,0.327637468,211.2954545,104.2667821,231.5,86.3,343.3,17.65,8.466362993,22.25,6.13,26.27,2560662,1872888,1.1103109081327946,3.0,0.0071017972164821,0.0038859747986486,2.2857142857142856
Rem_Herby_2017_2803006.laz,2803006,34,2.0,27.0,27.0,0.0,0.0,0.607693423870957,0.529411764705882,0.8595885426702956,0.250669164,271.3333333,106.4012724,295.0,110.2,385.0,23.2037037,7.347499914,26.8,10.64,28.8,1689432,1577481,1.2396532875214743,4.0,0.0222508672608421,0.0048684157560481,1.55
Rem_Suprasl_2015_1602604.laz,1602604,28,3.0,38.0,32.0,6.0,0.157894737,0.173205206749177,0.821428571428571,0.8949851358042581,0.69041302,240.9736842,110.1319815,264.5,89.8,374.4,22.90789474,9.528063289,28.45,9.08,31.56,2797079,2070976,1.0575939319103898,3.0,0.002786268877802,0.0015754791244233,1.2666666666666666
Rem_Katrynka_2016_6102605.laz,6102605,52,4.0,21.0,12.0,9.0,0.428571429,0.0,0.807692307692308,0.9939094136531648,0.206405499,251.9047619,158.1669702,205.0,88.0,497.0,20.63333333,8.685236516,20.2,8.3,31.0,1642515,1395957,1.1160326993660328,3.0,0.01266574200949,0.0077850478613837,2.111111111111111
Rem_Piensk_2016_2903502.laz,2903502,23,4.0,24.0,13.0,11.0,0.458333333,0.854806284951481,0.565217391304348,0.9257898157797236,0.197059354,257.125,146.0647005,292.0,82.0,453.0,21.23333333,9.873621716,27.25,8.41,30.67,2138691,1847037,1.1849004382255708,3.0,0.0018531104400853,0.0008612303185377,1.5
Rem_Milicz_2015_4206701.laz,4206701,51,4.0,45.0,44.0,1.0,0.022222222,0.220352331161548,0.784313725490196,1.036127921878226,0.219395264,242.9111111,67.66791311,243.0,174.4,296.0,23.20444444,3.729181945,23.9,21.64,25.46,2252403,1805425,1.0871508379888268,3.0,0.0089613596521734,0.0076476472964353,1.8888888888888888
Rem_Gorlice_2015_8004803.laz,8004803,20,3.0,11.0,5.0,6.0,0.545454545,0.46341355882643,0.7,0.9760107128520676,0.617166222,293.1818182,175.9555729,203.0,134.0,464.0,18.24545455,7.812472545,13.9,10.7,27.1,3024096,2502164,1.1757332459446177,3.0,0.0162363401514414,0.0149679678849901,2.9
Rem_Herby_2016_6105906.laz,6105906,32,5.0,20.0,0.0,20.0,1.0,0.0,0.8125,0.9772429937341848,0.264089472,196.95,55.05927428,188.0,154.0,239.5,11.405,6.025251687,11.0,2.82,18.63,2644401,2211740,1.0899890789952675,3.0,0.0145148184675307,0.0134368583162217,2.526315789473684
Rem_Milicz_2015_2705901.laz,2705901,34,1.0,27.0,27.0,0.0,0.0,0.0,0.794117647058823,1.04222188389075,-0.349588263,299.3703704,40.97855738,293.0,256.4,353.4,23.7037037,0.824845665,23.7,22.5,24.84,2121105,1635914,1.1129408535748593,3.0,0.0133526496021327,0.0112157918349035,2.5945945945945947
Rem_Piensk_2016_2202402.laz,2202402,74,3.0,66.0,39.0,27.0,0.409090909,0.747719446541002,0.5,1.068779972484087,0.369820357,162.7272727,42.12528766,161.5,106.5,222.0,17.84545455,1.993001742,18.2,15.2,19.95,4392660,3677454,1.179469608716508,4.0,0.0216265809608143,0.012312116379102,2.292682926829268
Rem_Milicz_2015_2604401.laz,2604401,32,1.0,21.0,21.0,0.0,0.0,0.0,0.65625,1.15972701005089,-0.159541347,316.6666667,57.39192742,307.0,243.0,393.0,27.32857143,1.634057177,27.7,24.9,29.0,2868169,2477269,1.111437551243509,3.0,0.0079034228779449,0.0012956313271427,1.1176470588235294
Rem_Milicz_2015_2606301.laz,2606301,25,2.0,22.0,20.0,2.0,0.090909091,0.191444081957717,0.8,1.040474428169008,0.108543378,331.8181818,103.2434185,320.5,254.1,461.1,27.59545455,6.103822165,29.6,25.46,31.2,3246651,2585894,1.1504810583283225,3.0,0.0148195430149023,0.0011723329425556,0.9629629629629628
Rem_Piensk_2016_1804502.laz,1804502,16,5.0,29.0,4.0,25.0,0.862068966,0.830471712436292,0.5625,0.8815846804718918,0.903200526,189.4482759,127.8876701,120.0,75.0,391.6,14.67241379,5.774197319,12.1,7.74,22.12,3386528,3017313,1.0996461700296452,3.0,0.0035909593502435,0.0022485946283572,1.5294117647058822
Rem_Herby_2016_6003406.laz,6003406,20,3.0,41.0,1.0,40.0,0.975609756,1.06991734181638,0.35,0.6436303232962102,0.562980101,190.1463415,96.57602212,171.0,86.0,327.0,17.71463415,5.629900575,18.0,9.8,24.9,2911576,2379120,1.292227074235808,3.0,0.0066873387370831,0.0017006802721088,1.2
Rem_Milicz_2015_3806801.laz,3806801,35,2.0,37.0,37.0,0.0,0.0,0.677494404448707,0.571428571428571,1.090311806223774,0.142343466,246.7297297,95.21019105,242.0,111.0,351.2,22.12702703,6.819891195,24.6,10.56,28.4,3010313,2684208,1.238095238095238,3.0,0.0054653277659264,0.0021892281219487,1.5555555555555556
Rem_Milicz_2015_2806501.laz,2806501,39,3.0,33.0,30.0,3.0,0.090909091,0.759547391474863,0.615384615384615,1.135969185639916,-0.024741668,248.8484848,40.74702536,253.0,195.0,285.8,23.86363636,1.523322475,24.1,22.4,25.2,2325062,1651659,1.1354188986500964,3.0,0.0115879359305065,0.008573482030194,2.238095238095238
Rem_Katrynka_2016_5501805.laz,5501805,29,3.0,42.0,39.0,3.0,0.071428571,0.0,0.689655172413793,0.7610587687340107,0.035068011,233.7857143,136.2452122,164.5,86.4,381.4,20.15,10.04150533,17.0,8.47,31.19,3081450,2423337,1.0622464898595945,3.0,0.0101630640308741,0.006043956043956,1.935483870967742
Rem_Milicz_2015_2906401.laz,2906401,42,1.0,35.0,35.0,0.0,0.0,0.0,0.833333333333333,1.070251601980944,-0.314023459,257.3714286,54.32640227,247.0,195.6,338.2,22.00571429,1.342066637,22.4,20.42,23.42,2162277,1439972,1.1131075953897918,3.0,0.0165828095797165,0.0141065830721003,2.883720930232558
Rem_Milicz_2015_3204501.laz,3204501,91,2.0,68.0,67.0,1.0,0.014705882,0.0766488007761842,0.736263736263736,1.185729457103102,0.093565105,185.6470588,43.16534151,189.5,132.1,243.2,19.90882353,2.2511513,20.45,17.38,22.03,2502863,1973765,1.2394759716875698,4.0,0.0178364542915421,0.0163106445454502,3.0638297872340425
Rem_Herby_2016_2402406.laz,2402406,24,3.0,22.0,21.0,1.0,0.045454545,0.612869452461949,0.666666666666667,1.165298418526256,0.173408342,272.8636364,104.8128925,300.0,89.8,356.9,21.21363636,7.802947883,25.5,7.52,26.7,1754100,1500064,1.1938490956895864,3.0,0.0099906622264156,0.0050722897765276,2.0
Rem_Piensk_2016_0801702.laz,801702,37,3.0,33.0,25.0,8.0,0.242424242,0.83183170772933,0.594594594594595,1.029164724097411,0.094580138,281.3939394,71.74256904,259.0,215.4,360.4,25.31212121,1.700323053,25.4,23.36,27.3,3571897,3217068,1.145360824742268,3.0,0.0078411068470653,0.0065217391304347,2.097560975609756
Rem_Piensk_2016_1701502.laz,1701502,29,3.0,27.0,24.0,3.0,0.111111111,0.603797414115175,0.758620689655172,1.137116062950839,0.066499854,243.2962963,79.64914158,256.0,118.4,342.6,17.92962963,4.273965445,19.4,12.84,21.14,2970189,1997999,1.145974416854778,4.0,0.0194342865690236,0.0130767332839871,2.8
Rem_Gorlice_2015_5805203.laz,5805203,9,3.0,24.0,24.0,0.0,0.0,0.529706199057654,0.777777777777778,1.19379590690751,-0.003938709,270.8333333,56.6750207,291.0,207.6,326.7,24.35416667,3.509115975,25.35,23.4,26.54,1430079,724205,1.0766700173626975,3.0,0.0039651005180997,0.0010244301296196,1.8
Rem_Herby_2016_4404106.laz,4404106,27,4.0,27.0,14.0,13.0,0.481481481,0.97619005003976,0.444444444444444,1.013046166346066,0.328133712,223.6296296,57.24921776,226.0,161.0,282.8,20.66666667,3.646494629,21.4,17.78,23.2,3655212,3449283,1.2031635731919172,4.0,0.0074919188950704,0.0056426332288401,1.542857142857143
Rem_Milicz_2015_2905401.laz,2905401,59,1.0,44.0,44.0,0.0,0.0,0.0,0.745762711864407,1.128469156699697,-0.288842591,202.75,37.34074712,198.5,164.0,246.7,20.05227273,1.124047635,19.95,18.7,21.41,2720978,2301953,1.1264942257040589,3.0,0.019751915790833,0.0155770894847049,2.677419354838709
Rem_Piensk_2016_2801802.laz,2801802,29,4.0,22.0,21.0,1.0,0.045454545,0.981941600924019,0.448275862068966,0.9259690240258924,0.187060771,235.8636364,80.17617236,257.5,108.1,315.2,20.60454545,6.941214198,23.65,7.44,25.49,1960415,1791267,1.1982658442835434,3.0,0.007580227771116,0.0024536532170119,1.3793103448275863
Rem_Piensk_2016_1503502.laz,1503502,31,6.0,26.0,1.0,25.0,0.961538462,1.32135597602817,0.32258064516129,1.039434447576902,0.613198424,204.4230769,107.8892666,189.0,80.5,359.5,18.74230769,7.14261426,21.25,9.9,26.25,2491452,1888512,1.33579172505347,4.0,0.0015817782897661,0.0004092661203764,0.7777777777777778
Rem_Gorlice_2015_4704303.laz,4704303,18,3.0,16.0,9.0,7.0,0.4375,0.882310924515076,0.388888888888889,0.8479269578592817,0.425451093,311.1875,125.8852487,322.5,169.5,457.0,17.75,9.214770751,21.5,4.5,26.9,2180522,1967406,1.18952981095492,3.0,0.0194717297911247,0.0064258807888322,1.619047619047619
Rem_Milicz_2015_2406101.laz,2406101,43,1.0,29.0,29.0,0.0,0.0,0.0,0.674418604651163,1.032544935525325,-0.367995349,235.7586207,42.22190966,236.0,187.8,280.2,23.12413793,1.150358693,23.1,22.28,24.52,2581244,2399729,1.1060571943256023,3.0,0.0137607189147552,0.0088809946714031,2.2222222222222223
Rem_Katrynka_2016_5801605.laz,5801605,88,7.0,34.0,4.0,30.0,0.882352941,0.0,0.829545454545455,1.161733979145886,1.078592624,175.9117647,85.19367157,171.0,80.3,292.0,16.84411765,6.669841267,14.95,9.43,25.2,2152945,1001097,1.098947530152877,3.0,0.0100608825785421,0.005181347150259,1.6631578947368422
Rem_Piensk_2016_2600802.laz,2600802,31,3.0,29.0,22.0,7.0,0.24137931,1.07987533119041,0.32258064516129,0.9939079965066806,0.220869282,238.2758621,84.94279443,266.0,113.4,343.0,19.06896552,5.596625479,22.0,9.72,24.3,3207067,2686722,1.2188202247191011,4.0,0.0049093385780376,0.0026814959301334,1.3125
Rem_Herby_2016_6903106.laz,6903106,31,3.0,9.0,8.0,1.0,0.111111111,0.439669879401343,0.67741935483871,0.9453858776807912,0.53535813,532.7777778,172.9188956,581.0,349.0,676.4,29.44444444,7.409978258,31.5,23.72,34.36,1957465,1694115,1.2882462686567164,3.0,0.005241321795051,0.0041463601137947,1.5263157894736843
Rem_Gorlice_2015_2603203.laz,2603203,13,4.0,23.0,6.0,17.0,0.739130435,0.690185676018804,0.538461538461538,0.8868560915636364,0.744897406,262.3043478,147.5029845,282.0,85.2,478.8,16.96086957,7.420532885,18.8,5.76,24.74,2126427,1862439,1.1227211667626176,3.0,0.0048979046480647,0.0025906735751295,1.6923076923076923
Rem_Piensk_2016_2100902.laz,2100902,61,3.0,39.0,36.0,3.0,0.076923077,0.79026796807459,0.442622950819672,1.103331794351335,0.143802478,213.6410256,75.97696575,210.0,118.4,318.2,19.37435897,4.508746935,21.0,11.74,23.24,3221139,2559415,1.2487083811710675,4.0,0.0140282619600878,0.01,2.1587301587301586
Rem_Milicz_2015_4502801.laz,4502801,35,2.0,37.0,37.0,0.0,0.0,0.244930026794635,0.8,1.130871922554302,-0.167738385,243.7297297,39.99697811,248.0,193.2,289.2,23.73783784,1.4162453,24.1,21.92,25.38,3683770,3028560,1.0735253005311711,3.0,0.0105960422129468,0.0084472691020437,2.5294117647058822
Rem_Milicz_2015_2804101.laz,2804101,110,1.0,89.0,89.0,0.0,0.0,0.0,0.809090909090909,1.176439709251651,0.265474563,154.505618,44.73282392,151.0,102.6,207.0,18.37078652,1.684164363,18.7,16.32,20.32,2975698,2037179,1.156837606837607,3.0,0.0285168909017865,0.0229836245559157,2.8545454545454545
Rem_Herby_2016_4700406.laz,4700406,28,3.0,23.0,18.0,5.0,0.217391304,0.796585369010589,0.571428571428571,0.9459856838296986,0.303608577,306.7826087,107.2600733,315.0,156.8,420.4,24.70434783,7.476659333,27.7,16.52,31.72,2564624,2245520,1.4210059373507131,4.0,0.0065948196982256,0.0036108751062022,1.8857142857142857
Rem_Suprasl_2015_2501204.laz,2501204,48,2.0,44.0,39.0,5.0,0.113636364,0.271189373041844,0.75,1.104897710320208,0.212552563,210.5454545,58.04907889,216.0,154.9,275.1,22.70681818,5.172305398,23.7,16.63,26.21,4204895,3882380,1.138773475153731,4.0,0.0071037178745659,0.0046653099868322,1.6538461538461535
Rem_Suprasl_2015_2202704.laz,2202704,26,2.0,21.0,21.0,0.0,0.0,0.688138813713588,0.346153846153846,0.8285173774192801,0.56183695,248.0,124.6643494,293.0,83.0,381.0,21.60952381,10.12738391,27.5,7.7,31.0,2524889,1602683,1.3266990736494544,4.0,0.019138482744092,0.0112928594679077,1.5
Rem_Milicz_2015_1707601.laz,1707601,32,4.0,30.0,23.0,7.0,0.233333333,0.529643502540352,0.65625,1.038963972693375,0.440472974,254.6666667,60.64727491,257.5,195.7,335.3,23.65,4.04796671,24.35,20.18,27.3,2413443,2142429,1.193044224989266,3.0,0.0065634997473849,0.0042399923775417,1.75
Rem_Herby_2016_6305806.laz,6305806,21,3.0,38.0,18.0,20.0,0.526315789,0.953271014705891,0.476190476190476,0.7930544901709735,0.21196142,230.2105263,117.0724326,245.0,93.0,364.2,20.04736842,7.93152236,23.65,9.14,27.89,2524262,2380011,1.2286508790814497,4.0,0.0069189612518892,0.0027985074626865,1.6
Rem_Herby_2016_6101306.laz,6101306,34,1.0,42.0,42.0,0.0,0.0,0.805837811724541,0.470588235294118,1.0075818982608,-0.3656389,192.5952381,38.70593294,187.0,148.1,249.5,18.59761905,1.41378028,18.6,16.71,20.3,3187007,2675233,1.2596069868995634,4.0,0.0047698362895591,0.0028728767512718,1.9444444444444444
Rem_Piensk_2016_1302002.laz,1302002,59,1.0,41.0,41.0,0.0,0.0,0.0,0.694915254237288,1.058711453251888,-0.056835583,232.1707317,59.72725611,227.0,150.0,317.0,22.97073171,2.548847181,23.5,20.1,25.8,3316169,2480818,1.1827411167512691,4.0,0.014780087275281,0.0121792083514571,2.707692307692308
Rem_Katrynka_2016_3400805.laz,3400805,24,2.0,21.0,21.0,0.0,0.0,0.610864302054894,0.541666666666667,0.8131586600432189,0.03417016,315.3333333,140.9369836,384.0,96.0,451.0,25.7047619,9.986214307,30.7,9.2,34.0,3504951,2919405,1.2279034563955933,3.0,0.0107585863878962,0.0020039178041029,1.3076923076923077
Rem_Piensk_2016_0901202.laz,901202,130,1.0,118.0,118.0,0.0,0.0,0.0,0.784615384615385,1.178359115989369,0.367688496,125.8559322,31.75124344,119.5,85.4,164.0,13.01186441,1.305489363,13.2,11.37,14.36,2477746,1960312,1.1244074965361337,3.0,0.0223569987609557,0.0156753030143236,2.057142857142857
Rem_Herby_2017_2702806.laz,2702806,32,4.0,35.0,22.0,13.0,0.371428571,1.03004875628936,0.5,1.020329701106209,0.633302954,241.0857143,128.5460255,225.0,89.2,411.8,18.97714286,8.286490981,18.7,8.24,28.0,2444585,1893508,1.421744848750548,4.0,0.0182738730633699,0.0158045977011494,2.1714285714285717
Rem_Piensk_2016_2804302.laz,2804302,37,7.0,29.0,0.0,29.0,1.0,1.58114981481863,0.27027027027027,0.9459042654884364,0.969900988,208.5862069,86.50909004,195.0,123.6,325.6,19.69310345,3.907495639,20.7,13.7,23.52,3306898,3009063,1.3240048670258997,4.0,0.0108371825711192,0.0050825921219822,2.0
Rem_Katrynka_2016_4902605.laz,4902605,11,2.0,11.0,11.0,0.0,0.0,0.655481773901393,0.636363636363636,0.901950958857705,0.031482777,316.5454545,114.4074855,310.0,213.0,427.0,24.34545455,8.063915133,28.0,14.2,31.0,5330379,4928431,1.2034036759700475,4.0,0.0063715071189529,0.0,1.0
Rem_Milicz_2015_4205101.laz,4205101,4,2.0,6.0,0.0,6.0,1.0,0.693147180559945,0.5,0.4586503069602882,0.353501308,354.3333333,272.4868193,337.5,92.0,633.5,14.03333333,13.10948766,8.65,5.3,28.15,3312674,2820682,1.0112920168067228,2.0,0.0,0.0,0.0
Rem_Gorlice_2015_5804403.laz,5804403,8,2.0,10.0,3.0,7.0,0.7,0.0,1.0,1.365206578799742,0.578499521,407.7,126.7254688,425.5,327.2,508.5,27.96,8.17872579,30.05,25.21,32.57,2812353,2137823,1.1610657884888855,3.0,0.0041654189040384,0.0033405976739016,2.0
Rem_Milicz_2015_2105901.laz,2105901,22,2.0,21.0,21.0,0.0,0.0,0.0,0.863636363636364,1.110110052682538,-0.108540971,319.1904762,87.53377579,314.0,255.0,424.0,27.22380952,5.560207259,28.2,23.8,32.0,3101464,2685427,,,,,
Rem_Herby_2016_3304206.laz,3304206,47,4.0,40.0,15.0,25.0,0.625,0.870451454541346,0.468085106382979,0.9914099591964668,0.414731025,203.5,100.3728945,220.0,84.8,331.0,16.52,4.574634636,17.05,10.47,21.33,1857759,1688824,1.385912832276346,4.0,0.0087431813895065,0.0057251908396946,1.818181818181818
Rem_Herby_2016_5106406.laz,5106406,30,5.0,33.0,9.0,24.0,0.727272727,0.500402423538188,0.666666666666667,0.9270069608725352,0.926118628,223.2424242,110.4802104,248.0,80.0,364.2,19.28181818,8.136931798,21.6,8.58,28.18,3055842,2264863,1.100577478344562,3.0,0.0115485688412965,0.0046885931143106,1.8235294117647056
Rem_Herby_2016_2403606.laz,2403606,33,2.0,30.0,5.0,25.0,0.833333333,0.469220348441599,0.696969696969697,0.935293610293654,0.499479254,253.4333333,114.7701401,242.0,98.8,356.3,21.35333333,7.41307016,24.8,8.79,27.85,3681472,3563392,1.2825234168601394,4.0,0.016463479385692,0.0016840920163191,1.625
Rem_Gorlice_2015_8204703.laz,8204703,27,4.0,15.0,2.0,13.0,0.866666667,0.0,0.851851851851852,0.5642365013628016,0.565544968,301.6666667,179.0995999,250.0,103.0,551.8,20.32,9.403889773,18.1,8.18,32.6,3006281,1941709,1.273807290689677,4.0,0.0109533644271286,0.0096967559943582,2.606060606060606
Rem_Gorlice_2015_6804003.laz,6804003,13,2.0,13.0,11.0,2.0,0.153846154,0.0,0.692307692307692,1.132169174348947,0.214154364,304.3846154,210.997843,187.0,100.4,601.6,19.82307692,11.56454019,14.0,8.36,33.06,2642564,1570000,1.234637605042017,4.0,0.009172149171533,0.0068983760123336,1.8571428571428568
Rem_Suprasl_2015_3600604.laz,3600604,23,3.0,15.0,14.0,1.0,0.066666667,0.891867395317251,0.347826086956522,0.884583379984163,0.279432043,238.7333333,89.08540578,275.0,125.6,342.6,22.84666667,8.382708961,22.9,10.64,31.4,2536472,2161989,1.1866473499939636,4.0,0.0034231046388616,0.0,0.5
Rem_Gorlice_2015_3203403.laz,3203403,28,3.0,24.0,12.0,12.0,0.5,0.985593952328611,0.392857142857143,1.059708674955129,0.344711624,238.4166667,149.6958995,204.0,82.3,432.7,19.01666667,12.42545307,18.0,5.16,32.57,2219178,2019437,1.324706046058582,4.0,0.02344053073367,0.0035660298373253,1.6470588235294117
Rem_Milicz_2015_2006301.laz,2006301,20,1.0,19.0,19.0,0.0,0.0,0.0,0.9,0.9498866478635458,-0.042592609,380.3157895,59.41759245,356.0,321.6,431.2,32.19473684,3.520017943,33.3,29.18,35.16,2463466,1138114,1.103478566408995,3.0,0.0015975213029705,0.0004239084357778,0.7619047619047619
Rem_Piensk_2016_2901202.laz,2901202,45,1.0,33.0,33.0,0.0,0.0,0.0,0.711111111111111,1.070107368272071,-0.490583511,202.2727273,56.68899404,199.0,141.0,272.6,14.42121212,2.546168393,14.4,12.36,16.9,3500238,2560934,1.1753519569543749,3.0,0.0251308991321364,0.0188165726817042,2.037037037037037
Rem_Gorlice_2015_6904103.laz,6904103,9,3.0,21.0,0.0,21.0,1.0,0.683738905848754,0.777777777777778,1.085620625538081,0.964402455,343.4761905,166.9654512,336.0,155.0,561.0,24.85714286,7.324655038,28.0,15.8,31.6,2912999,2389766,1.079090459713297,3.0,0.0063550653757866,0.0052270210736074,1.5
Rem_Piensk_2016_2302002.laz,2302002,42,5.0,41.0,38.0,3.0,0.073170732,0.939935082891518,0.642857142857143,1.124004644696312,0.224347815,252.6829268,102.1424101,284.0,106.0,345.0,22.07560976,8.145973867,26.6,9.4,28.4,3247992,2572406,1.424558876485416,4.0,0.0313211960015969,0.0035203510182827,1.3333333333333333
Rem_Herby_2017_3503506.laz,3503506,26,5.0,26.0,14.0,12.0,0.461538462,1.3099905328263,0.346153846153846,1.166569061222612,0.572773116,213.6153846,89.48925161,231.5,87.0,335.5,20.82307692,8.836212206,26.0,6.5,28.75,2774681,2225096,1.1328468844104702,3.0,0.0024068268146997,0.0,0.56
Rem_Suprasl_2015_4502004.laz,4502004,13,2.0,7.0,2.0,5.0,0.714285714,0.598269588585257,0.461538461538462,0.785330422767801,0.458665431,388.0,82.62969603,390.0,285.0,468.8,26.65714286,4.739148005,27.8,22.38,30.44,2860572,2554822,1.1664172403472015,3.0,0.0186364093120004,0.0057339449541284,1.2307692307692308
Rem_Gorlice_2015_6505003.laz,6505003,30,1.0,19.0,19.0,0.0,0.0,0.154076103671029,0.9,0.7530075972651177,-0.457578489,286.6842105,65.13324175,283.0,210.4,342.6,23.3,1.625491379,23.4,21.7,25.34,3947903,3164728,1.37794828076158,4.0,0.0078765424788897,0.0054720886990271,2.4375
Rem_Gorlice_2015_3802203.laz,3802203,52,2.0,37.0,33.0,4.0,0.108108108,0.34254150797197,0.634615384615385,1.219675172374614,0.111836494,250.8648649,86.45010191,277.0,120.6,337.0,21.84864865,5.097146349,23.9,13.54,26.34,3702051,3349846,1.2704028250065391,4.0,0.0122981932512909,0.0111910471622701,2.610169491525424
Rem_Milicz_2015_7102401.laz,7102401,51,4.0,13.0,8.0,5.0,0.384615385,1.00665121534154,0.549019607843137,1.197503748492668,0.380578086,307.3076923,153.6502439,283.0,175.8,403.8,19.01538462,5.533812151,19.0,14.46,23.3,2648268,2445600,1.2647668393782383,4.0,0.008963998096763,0.0040431266846361,1.5849056603773586
Rem_Milicz_2015_4303901.laz,4303901,9,2.0,10.0,0.0,10.0,1.0,0.693147180559945,0.555555555555556,1.127045113628936,0.424680622,372.0,164.5843249,384.5,169.7,543.6,27.6,7.337120234,29.85,19.37,35.04,2894630,2327947,1.1311708298804308,3.0,0.0035138333681181,0.0004316546762589,0.6
Rem_Herby_2016_6803306.laz,6803306,55,1.0,9.0,0.0,9.0,1.0,0.685314207276458,0.490909090909091,0.8469553780699375,0.512622752,514.7777778,146.4050697,500.0,388.0,653.8,31.85555556,6.630443257,34.5,26.0,36.7,2213909,2036509,1.4485274783066,4.0,0.0121960048506624,0.0038666022232962,1.7627118644067796
Rem_Milicz_2015_2805201.laz,2805201,56,1.0,50.0,50.0,0.0,0.0,0.0,0.875,1.049067266318887,-0.297220275,196.26,31.44467769,192.0,160.9,236.3,18.458,0.953637504,18.5,17.3,19.7,2088135,1663187,1.1154093540384085,3.0,0.0237593875646532,0.0197487925824009,2.6785714285714284
Rem_Herby_2016_5700906.laz,5700906,30,3.0,47.0,44.0,3.0,0.063829787,0.958232545079487,0.4,0.9266835660873854,-0.088753044,170.2978723,45.51727569,171.0,126.0,215.2,15.71489362,3.459516096,16.2,12.36,19.38,1195536,1041875,1.3978208875896891,4.0,0.0073052358622605,0.0046839764923908,2.1052631578947367
Rem_Milicz_2015_3902101.laz,3902101,21,1.0,22.0,22.0,0.0,0.0,0.0,0.952380952380952,1.045377210514864,-0.443263929,270.1818182,43.88907703,266.0,223.2,325.8,23.62272727,1.135543427,23.65,22.83,25.05,2194288,1586234,1.058297918709818,3.0,0.0159193869428356,0.0105407882676443,3.0476190476190474
Rem_Katrynka_2016_5801105.laz,5801105,42,1.0,73.0,73.0,0.0,0.0,0.930345229978047,0.452380952380952,1.012604418913727,0.144582768,183.5205479,44.75368066,184.0,134.4,238.2,21.06164384,1.604302387,21.2,19.26,22.98,2145379,1807814,1.2635962763351298,3.0,0.0072803956393548,0.0013557423065077,1.0869565217391304
Rem_Piensk_2016_2501302.laz,2501302,24,3.0,24.0,13.0,11.0,0.458333333,1.07952957332552,0.333333333333333,0.9811120376839396,0.030281961,233.625,110.5345952,198.0,135.9,354.9,19.35,4.153364273,20.0,14.9,24.09,2807731,2073586,1.1828869351870783,3.0,0.0074413510280491,0.0022586109542631,0.96
Rem_Herby_2017_4802106.laz,4802106,10,4.0,10.0,2.0,8.0,0.8,1.06085694715802,0.4,0.6963819699104843,0.518662238,278.6,138.6708333,273.0,128.7,424.1,16.64,6.068534511,16.5,11.03,24.06,1621474,1269714,1.156937193482044,3.0,0.0107673542493403,0.0044692737430167,1.2727272727272727
Rem_Gorlice_2015_5001003.laz,5001003,24,5.0,20.0,9.0,11.0,0.55,1.32736286342019,0.375,1.106616778887787,0.411457813,303.75,181.9950476,304.5,107.8,561.0,20.6,8.192422686,23.0,9.69,29.17,1564772,1318967,1.185240850680093,4.0,0.0038719122296736,0.0045487990988699,1.7692307692307692
Rem_Piensk_2016_1102502.laz,1102502,49,2.0,39.0,22.0,17.0,0.435897436,0.680629487891663,0.448979591836735,0.956704255731411,0.168364248,221.4615385,106.9522388,247.0,96.2,350.2,18.24102564,6.177792058,21.6,10.5,24.58,1673532,1249917,1.4388504300398572,5.0,0.0163943308872842,0.0091479820627802,1.9272727272727272
Rem_Herby_2016_5500406.laz,5500406,41,1.0,20.0,20.0,0.0,0.0,0.64349155301929,0.51219512195122,0.7618364790178717,-0.420090227,200.4,45.24366777,194.0,159.8,236.9,19.495,1.006021345,19.4,18.16,21.03,1726586,1289675,1.215894755811858,3.0,0.0055627314321704,0.0011655011655011,1.0232558139534884
Rem_Gorlice_2015_7005203.laz,7005203,5,5.0,41.0,32.0,9.0,0.219512195,0.867563228481461,0.6,1.047472110685933,0.560549684,220.6585366,67.57166927,215.0,136.0,292.0,23.97073171,4.776046686,25.6,17.5,27.6,2004289,1784396,1.0546241967029897,2.0,0.0041866311614335,0.0019971224692316,1.0
Rem_Katrynka_2016_2201005.laz,2201005,23,2.0,18.0,16.0,2.0,0.111111111,0.348832095843032,0.695652173913043,1.004645650835384,0.139135576,326.6111111,96.22042029,341.0,224.2,420.7,26.56111111,6.956177017,28.8,20.56,30.93,2884565,2584772,1.2058756199923693,3.0,0.0099085330796433,0.0069930069930069,1.5555555555555556
Rem_Herby_2016_5703406.laz,5703406,50,2.0,19.0,13.0,6.0,0.315789474,0.704527889913306,0.62,1.027420166065254,0.688833424,237.4736842,181.1617964,115.0,81.0,507.0,17.18421053,14.01472492,7.5,5.28,37.1,4179809,2938222,1.144430287586458,3.0,0.0235212230139498,0.0150853513298928,1.963636363636364
Rem_Herby_2016_5603406.laz,5603406,48,3.0,27.0,18.0,9.0,0.333333333,0.692239049680691,0.479166666666667,1.115418949295189,0.276510228,271.8148148,128.12465,271.0,98.6,418.0,20.42222222,7.726444766,19.0,9.26,28.46,1943275,1137123,1.3369614857664789,4.0,0.0179966900767621,0.0087668030391583,2.0
Rem_Milicz_2015_5602301.laz,5602301,24,3.0,33.0,23.0,10.0,0.303030303,0.936888307539016,0.416666666666667,1.011158650214084,0.304649206,234.2121212,77.89606761,240.0,124.8,327.6,22.23939394,5.037170547,23.8,14.4,26.5,1949889,1173692,1.2540354802621063,4.0,0.002836459229105,0.0007817970517177,1.3076923076923077
Rem_Katrynka_2016_5002905.laz,5002905,29,4.0,28.0,20.0,8.0,0.285714286,0.956122338098301,0.551724137931034,0.8641321625695856,0.327966236,250.1785714,124.3614962,267.5,91.5,398.8,18.86785714,7.91754047,22.7,8.11,26.7,1653355,1482511,1.3172481252037822,4.0,0.0100098899686778,0.0029003424353482,1.3888888888888888
Rem_Herby_2016_6403606.laz,6403606,44,2.0,36.0,36.0,0.0,0.0,0.801435681714276,0.409090909090909,0.901516715578318,0.277956963,264.5555556,176.4979068,180.5,100.0,533.0,20.77777778,9.720114964,20.8,8.55,33.0,3550673,2327233,1.4107700312174818,5.0,0.010589787259065,0.0071871963067832,2.260869565217391
Rem_Piensk_2016_2602702.laz,2602702,34,2.0,25.0,24.0,1.0,0.04,0.178844912716848,0.647058823529412,0.9001880774490841,0.06754376,209.56,101.8283196,198.0,81.6,323.0,15.18,4.192552922,16.3,9.82,19.8,3298805,2984201,1.2368182504910108,4.0,0.0294119464871703,0.0144665461121157,2.358974358974359
Rem_Gorlice_2015_6904703.laz,6904703,19,3.0,8.0,7.0,1.0,0.125,0.556646903582107,0.736842105263158,0.6548849915066028,-0.023726782,258.0,134.171532,220.5,140.3,452.8,15.4625,5.237212317,14.65,9.67,21.05,2357469,1810020,1.3481089626656937,4.0,0.015494909457283,0.0098170459616242,2.56
Rem_Gorlice_2015_7105203.laz,7105203,13,1.0,12.0,0.0,12.0,1.0,1.16222554492109,0.384615384615385,0.5345012313181031,0.929562217,406.1666667,244.8278925,387.5,105.4,646.8,20.54166667,12.63742338,18.6,6.05,34.53,2042659,1720462,1.2574158325750682,3.0,0.012057419170572,0.0104741521079797,2.25
Rem_Suprasl_2015_3901204.laz,3901204,84,4.0,57.0,13.0,44.0,0.771929825,1.13137578842263,0.357142857142857,0.9915324577366674,0.515734492,177.0701754,69.60728093,185.0,91.2,257.2,19.78421053,4.979019893,21.8,12.92,25.08,2172996,1926788,1.6164410309815151,5.0,0.0185942080517727,0.0132701421800947,3.340659340659341
Rem_Suprasl_2015_3702404.laz,3702404,50,3.0,40.0,38.0,2.0,0.05,0.851185104869434,0.42,0.965055315496215,0.131937738,212.8,96.7837134,213.5,77.8,323.6,20.18,7.84475,22.15,7.89,28.6,2571582,2389175,1.4009591961023142,5.0,0.0179720558755141,0.012512030798845,2.1818181818181817
Rem_Herby_2016_8607506.laz,8607506,33,,,,,,0.948810270807818,0.515151515151515,1.111279455049264,,,,,,,,,,,,3970195,2917532,1.3035248041775458,4.0,0.0129537997670994,0.0072129128732902,1.5555555555555556
Rem_Piensk_2016_2501502.laz,2501502,13,3.0,10.0,3.0,7.0,0.7,0.89794572485678,0.461538461538462,0.8841412215032913,0.626976596,426.2,314.3429832,293.5,163.4,864.5,23.94,10.07496347,21.25,16.12,35.84,3337119,2998312,1.1489376475489514,3.0,0.0045345423019077,0.0012397974997417,1.0666666666666669
Rem_Milicz_2015_5003201.laz,5003201,27,4.0,23.0,21.0,2.0,0.086956522,0.409458618695089,0.666666666666667,1.192181284640962,0.400590945,296.1304348,97.9342564,317.0,126.8,376.8,25.60434783,8.526081817,29.0,9.22,31.58,3343172,3090397,1.1813811592863086,4.0,0.0030050624094541,0.0015290519877675,1.4814814814814814
Rem_Katrynka_2016_4503105.laz,4503105,48,2.0,40.0,39.0,1.0,0.025,0.119246926396245,0.791666666666667,1.074556961362199,0.022867845,237.65,51.16416514,234.0,172.7,295.3,21.5125,2.149082989,21.6,19.82,23.8,3001139,2386773,1.1233426092650187,3.0,0.0051063940836774,0.0010048215468863,1.04
Rem_Suprasl_2015_2402904.laz,2402904,55,2.0,43.0,43.0,0.0,0.0,0.674895273743828,0.454545454545455,1.021652023727152,0.103190645,220.5116279,100.6186511,217.0,87.2,346.8,21.14418605,8.729651232,23.3,8.92,30.82,3062533,2950067,1.543161184700104,4.0,0.020534102057503,0.0111826499491697,2.3582089552238807
Rem_Herby_2016_6608806.laz,6608806,33,2.0,18.0,17.0,1.0,0.055555556,0.348832095843032,0.727272727272727,1.12218127258088,0.084345867,303.5,207.2918517,218.0,103.8,572.7,21.04444444,9.282128446,19.9,9.7,31.24,1109525,562528,1.139072366988459,3.0,0.0116448356715431,0.0075187969924812,2.054054054054054
Rem_Katrynka_2016_3601605.laz,3601605,33,2.0,28.0,28.0,0.0,0.0,0.551079928086973,0.575757575757576,1.009167653593164,0.10074988,262.8214286,82.90648617,273.5,143.1,356.3,23.94642857,5.997745388,26.2,13.82,27.59,2608158,2129579,1.1793037256783876,4.0,0.0092502399338594,0.0045460259711976,1.7647058823529411
Rem_Gorlice_2015_6405903.laz,6405903,48,4.0,43.0,20.0,23.0,0.534883721,0.126930545341402,0.708333333333333,0.933357017173342,0.741682983,183.9534884,93.20432074,156.0,86.4,315.8,14.64418605,4.717813372,15.7,8.22,20.5,1830035,1457425,1.4029107373868046,5.0,0.0233951911811926,0.0202282157676348,2.6779661016949152
Rem_Suprasl_2015_3801904.laz,3801904,86,2.0,92.0,92.0,0.0,0.0,0.214559155176405,0.790697674418605,1.319136587873582,0.076233181,154.5869565,36.85527149,147.0,114.4,199.9,15.00434783,1.793082743,15.0,12.8,17.3,2555495,1962713,,,,,
Rem_Milicz_2015_4104101.laz,4104101,4,2.0,14.0,0.0,14.0,1.0,0.693147180559945,0.5,0.9008092370390656,0.328536703,244.6428571,234.0048018,92.5,72.3,596.1,18.07142857,12.24565408,10.15,8.41,35.18,3537228,3091757,1.0356098400137623,2.0,0.0,0.0,0.0
Rem_Herby_2017_2204106.laz,2204106,19,2.0,20.0,10.0,10.0,0.5,0.693147180559945,0.526315789473684,1.091052799628465,0.158452433,343.9,74.33983136,335.0,286.9,409.6,25.535,2.849242743,26.4,23.71,27.81,1924274,1737868,1.2441576560865015,4.0,0.0106583104161161,0.0091153501126111,2.1818181818181817
Rem_Herby_2016_3301806.laz,3301806,30,2.0,20.0,8.0,12.0,0.6,0.673011667009257,0.4,0.8797078091915683,0.167386015,251.95,84.99131535,265.5,135.7,355.9,21.455,5.532437837,23.5,13.47,27.5,1842428,1537846,1.3336441893830704,5.0,0.0142518093824812,0.008765315739868,1.878787878787879
Rem_Gorlice_2015_6505903.laz,6505903,26,3.0,33.0,30.0,3.0,0.090909091,0.233791658706459,0.576923076923077,0.8231055351419381,0.135321146,245.4545455,66.45068233,251.0,167.4,325.4,22.52121212,3.755309373,23.2,19.4,26.12,2625298,2063071,1.3207903097696585,4.0,0.0312961587293143,0.024063846426611,2.8125
Rem_Gorlice_2015_2703003.laz,2703003,74,1.0,67.0,67.0,0.0,0.0,0.0,0.743243243243243,1.009125652946002,0.05769415,210.5522388,109.5856222,193.0,97.6,348.4,18.68656716,4.802016481,19.8,11.04,24.2,3077217,2433313,1.2495040965933593,4.0,0.0222772028974082,0.0159220896811877,2.3947368421052637
Rem_Suprasl_2015_2002504.laz,2002504,32,2.0,29.0,29.0,0.0,0.0,0.679193265991526,0.4375,0.9846002331480384,0.190745091,243.7241379,108.1711265,250.0,91.2,376.2,22.28275862,9.022078829,26.4,8.74,31.26,1954728,1789496,1.2754025541365908,4.0,0.0161147889359987,0.0044665012406947,1.3714285714285714
Rem_Gorlice_2015_6305803.laz,6305803,29,4.0,20.0,10.0,10.0,0.5,0.410116318288409,0.620689655172414,1.059186341430364,0.671216452,250.15,128.3585746,290.0,95.1,390.1,19.48,9.158234718,24.8,8.44,28.73,3141550,2983947,1.227376366066515,4.0,0.0182737858414628,0.0097276264591439,2.129032258064516
Rem_Gorlice_2015_7704703.laz,7704703,24,3.0,20.0,4.0,16.0,0.8,0.0,0.916666666666667,0.8574310758616197,0.532428394,349.4,195.3755897,353.0,78.8,590.8,20.27,8.39311121,22.5,5.18,28.06,2232572,1481594,1.2888903681022432,4.0,0.0121217752320522,0.0064075181546347,2.2962962962962963
Rem_Herby_2016_1201806.laz,1201806,74,2.0,53.0,47.0,6.0,0.113207547,0.353169383443799,0.635135135135135,0.9267081094422738,0.079189466,165.8301887,39.7224679,168.0,112.2,207.2,15.81886792,2.005478708,16.4,13.28,17.58,1744569,1264748,1.3734415772687736,5.0,0.0557759492349704,0.0458866301654144,3.325
Rem_Milicz_2015_3804301.laz,3804301,33,3.0,22.0,17.0,5.0,0.227272727,0.668017818660753,0.484848484848485,0.9483023062297358,0.302206215,261.9090909,102.4262378,258.5,104.5,379.3,24.75909091,7.967771935,27.95,10.64,30.16,2086900,1893664,1.2808190900833951,4.0,0.0087895765921127,0.0036647289630333,1.7777777777777777
Rem_Herby_2016_7503806.laz,7503806,41,4.0,22.0,10.0,12.0,0.545454545,0.835713060677964,0.536585365853659,0.9616060655780791,0.352312671,258.0909091,165.4246798,186.0,97.0,510.0,18.2,7.258689374,17.45,9.29,27.14,3067978,2728754,1.3228682751386185,5.0,0.0240545779500826,0.0030959752321981,1.6595744680851063
Rem_Gorlice_2015_7603803.laz,7603803,40,5.0,10.0,7.0,3.0,0.3,0.803083670120518,0.425,0.9202000467205182,0.64613201,416.8,206.3620335,440.5,160.8,648.8,22.02,6.762445317,23.05,13.73,28.75,3422488,2708713,1.371183865174748,5.0,0.0139283025838959,0.0082116788321167,2.4444444444444446
Rem_Suprasl_2015_3900604.laz,3900604,42,3.0,35.0,32.0,3.0,0.085714286,0.765047147498934,0.547619047619048,0.8797798281342712,0.481903605,265.7142857,95.64074059,293.0,107.4,366.4,24.90857143,8.811268568,29.9,10.44,32.18,2158832,1938320,1.4184651451423844,5.0,0.0174099987351392,0.010003366542876,2.208333333333333
Rem_Gorlice_2015_6605103.laz,6605103,24,1.0,37.0,37.0,0.0,0.0,0.409458618695089,0.708333333333333,0.894851238589946,-0.033779819,213.3243243,39.65619894,212.0,158.6,262.4,19.8027027,1.508399904,19.9,17.72,21.64,3246919,2294762,1.3527663610496363,4.0,0.0137232799025515,0.0074698228009494,3.076923076923077
Rem_Suprasl_2015_3302504.laz,3302504,28,1.0,26.0,26.0,0.0,0.0,0.0,0.857142857142857,1.100683453199545,-0.616371406,244.4615385,80.10704377,232.5,147.5,342.0,18.56538462,4.685718072,20.1,12.65,23.05,2015264,1505607,1.1174371451743714,3.0,0.0127939716703489,0.0085136573252926,1.935483870967742
Rem_Suprasl_2015_1502504.laz,1502504,34,2.0,24.0,24.0,0.0,0.0,0.669327963292645,0.411764705882353,0.960949093073989,0.031064526,288.5,109.2400627,308.0,147.8,395.5,26.05833333,8.382586333,30.55,15.09,32.88,2234827,2006039,1.3130650335374745,4.0,0.0081498951372758,0.004905395935529,1.2682926829268293
Rem_Milicz_2015_7902301.laz,7902301,32,5.0,33.0,1.0,32.0,0.96969697,0.644179805973393,0.625,0.9753210187182162,1.141920772,276.2424242,168.7313009,242.0,88.2,497.6,20.20606061,6.52767854,21.8,8.26,25.2,2982601,2215707,1.3819414642519956,4.0,0.0036707408839875,0.0018050541516245,1.6363636363636365
Rem_Gorlice_2015_3003303.laz,3003303,7,5.0,16.0,10.0,6.0,0.375,0.950270539233235,0.428571428571429,0.7056885760826979,0.262136546,220.0625,126.6356815,180.5,86.5,382.0,16.36875,10.04222543,12.05,6.65,28.25,4053085,3271375,1.1418954827280778,2.0,0.0117826171991421,0.0018254105852086,1.0
Rem_Herby_2016_5804006.laz,5804006,40,1.0,8.0,0.0,8.0,1.0,1.56063115066701,0.3,0.7937713188150711,0.61630101,426.5,194.9329555,463.0,171.0,626.5,27.625,7.859252963,30.25,19.25,34.0,2970321,2491321,1.370827617741198,4.0,0.0073552104742521,0.0044958761151321,1.380952380952381
Rem_Milicz_2015_4103201.laz,4103201,49,3.0,36.0,0.0,36.0,1.0,0.592885459984243,0.571428571428571,1.084163784066635,0.58130854,210.5277778,129.4115221,180.0,91.0,410.5,21.68611111,7.105416557,20.8,13.9,33.55,2080267,1882682,1.5172268612728932,5.0,0.0082111917950736,0.0067637877211238,1.7254901960784317
Rem_Gorlice_2015_8104703.laz,8104703,22,1.0,33.0,0.0,33.0,1.0,0.936888307539016,0.590909090909091,0.7291008812085311,0.534306344,318.0,115.7165178,332.0,121.4,453.2,17.37878788,5.324927087,19.5,7.68,21.58,2477544,2059580,1.3141319942611192,4.0,0.0226863486598958,0.0067808698446036,2.25
Rem_Suprasl_2015_4601204.laz,4601204,39,2.0,42.0,42.0,0.0,0.0,0.682908104700472,0.512820512820513,0.9145886644505618,0.551798907,242.5238095,136.316747,203.5,92.2,409.5,21.88333333,8.911158165,21.3,9.41,32.39,3841585,3141434,1.3425020712510356,4.0,0.0148363887304555,0.007869249987513,1.65
Rem_Herby_2016_2603806.laz,2603806,20,4.0,29.0,10.0,19.0,0.655172414,0.990365041474314,0.55,1.02993636429757,0.620489508,310.0,111.5357086,310.0,184.6,424.4,23.13448276,4.95625693,24.8,18.0,27.06,2714567,1982084,1.1636095298334388,3.0,0.0026680068932869,0.0005108559974072,1.0
Rem_Milicz_2015_2303101.laz,2303101,47,5.0,66.0,50.0,16.0,0.242424242,0.784914154937802,0.638297872340426,1.11029855359771,0.808085484,183.969697,66.91877274,193.0,92.5,265.5,17.1,4.966131446,19.45,8.1,21.5,3275812,2718552,1.172733996219903,4.0,0.0342042500526862,0.0203227734608487,2.60377358490566
Rem_Katrynka_2016_4602705.laz,4602705,26,2.0,25.0,25.0,0.0,0.0,0.679193265991526,0.538461538461538,0.9146798697656804,0.369093342,303.52,139.5791651,250.0,134.6,479.2,27.208,7.543038733,26.2,16.08,36.08,4914112,4018676,1.2488308651597817,4.0,0.0190033122153318,0.0084195564848163,1.7692307692307692
Rem_Gorlice_2015_6303103.laz,6303103,24,4.0,48.0,38.0,10.0,0.208333333,0.514096697339951,0.75,0.9919381943457288,0.526390014,172.9166667,80.08979889,160.0,81.4,278.3,14.72291667,5.299387342,15.05,8.01,22.39,2099906,1690263,1.1459819678557428,3.0,0.0156839152041209,0.0064463681977733,2.142857142857143
Rem_Katrynka_2016_4401505.laz,4401505,11,3.0,9.0,8.0,1.0,0.111111111,0.848685557726417,0.545454545454545,0.8442422232925497,0.369787713,445.0,101.2151174,442.0,336.0,580.8,32.47777778,5.414974095,34.5,25.14,36.58,2141474,2066854,1.214117910280792,4.0,0.0147965722054915,0.0036502158522573,1.0
Rem_Katrynka_2016_4102805.laz,4102805,11,2.0,14.0,14.0,0.0,0.0,0.304636097349238,0.909090909090909,0.8017314581853082,-0.152154119,355.2142857,92.60185957,368.5,250.1,448.4,27.3,7.397192815,30.5,15.75,32.33,3036795,2698027,1.0635473701675793,2.0,0.0028620477411411,0.0020122973728339,0.5454545454545454
Rem_Gorlice_2015_7604403.laz,7604403,13,3.0,17.0,0.0,17.0,1.0,1.47080847632211,0.307692307692308,1.098101348998872,1.237972264,427.2941176,287.4786437,417.0,111.6,743.8,23.7,10.80780968,22.5,11.12,36.1,2660977,2334080,1.231741935483871,4.0,0.0232004202147428,0.0205397439439992,2.533333333333333
Rem_Suprasl_2015_2800604.laz,2800604,38,2.0,32.0,4.0,28.0,0.875,0.384542919756229,0.710526315789474,1.082141197626547,0.341654344,230.15625,59.20936575,232.5,152.0,312.4,22.496875,3.845356175,23.55,16.0,25.59,4148672,3778982,1.3655314151497355,5.0,0.0262435328405588,0.0142063001852995,3.0232558139534884
Rem_Milicz_2015_4603701.laz,4603701,17,2.0,16.0,0.0,16.0,1.0,0.376770161256437,0.823529411764706,1.055209908251234,1.12288278,393.1875,292.2047727,265.0,132.5,732.0,27.1125,7.5270955,29.3,17.5,34.0,2632989,2350218,1.3710607225211375,6.0,0.0053960387332769,0.0037034893814015,2.1904761904761907
Rem_Suprasl_2015_2700704.laz,2700704,61,5.0,48.0,43.0,5.0,0.104166667,0.866422673051746,0.508196721311475,1.073714369091031,0.251090205,192.3541667,63.2773327,192.0,97.9,272.6,19.70208333,4.875928262,21.3,11.35,24.03,3524228,2093399,1.172829509671615,4.0,0.0107312905042804,0.0078145783975629,1.75
Rem_Gorlice_2015_1302103.laz,1302103,28,6.0,24.0,11.0,13.0,0.541666667,1.47729244517561,0.357142857142857,1.030700213598289,0.776746513,289.375,155.3637562,265.5,106.3,485.2,21.94583333,7.337928814,25.1,9.87,29.05,3340427,2633548,1.2675319380266377,3.0,0.0098961479459936,0.0068853786958282,1.9393939393939397
Rem_Milicz_2015_3605501.laz,3605501,7,1.0,6.0,0.0,6.0,1.0,0.0,0.857142857142857,0.9783573198442131,0.498060036,454.1666667,56.17621086,439.0,404.5,519.0,37.26666667,2.155612829,37.95,34.6,39.25,2341521,1903965,1.0618490772885072,2.0,0.0052985187135966,0.0041150879640949,1.75
Rem_Suprasl_2015_4001604.laz,4001604,68,5.0,49.0,26.0,23.0,0.469387755,1.00439490759856,0.382352941176471,1.05196911313929,0.571829991,206.0408163,86.0987706,190.0,94.4,310.4,21.2244898,5.160932192,22.8,13.72,26.8,4158608,3444889,1.2259839187473551,4.0,0.0126853785230366,0.0049723756906077,1.565217391304348
Rem_Gorlice_2015_7804503.laz,7804503,19,3.0,36.0,11.0,25.0,0.694444444,0.410116318288409,0.578947368421053,0.9163883032942618,0.713620061,250.6111111,137.1043977,252.5,110.0,339.5,19.49444444,7.646733923,24.65,8.5,27.05,1853229,1521181,1.307295554801493,4.0,0.0206031803997389,0.0082381054701886,3.0
Rem_Gorlice_2015_6705603.laz,6705603,16,1.0,22.0,22.0,0.0,0.0,1.0775733728922,0.5625,1.172196250648189,-0.404339789,257.3181818,38.17676477,257.5,208.7,301.0,24.10909091,0.911779574,24.1,22.93,25.1,3263617,2772621,1.208602999210734,5.0,0.0063346287879193,0.0035390035098625,2.4444444444444446
Rem_Milicz_2015_3103901.laz,3103901,58,4.0,40.0,8.0,32.0,0.8,1.18723281561774,0.310344827586207,1.078790609994848,0.431999782,165.85,43.49155533,162.0,119.5,224.5,17.6775,2.42872632,18.0,15.64,19.91,2760633,2639730,1.164949918306457,3.0,0.0142842919321628,0.0103582700750158,2.1333333333333333
Rem_Piensk_2016_3102802.laz,3102802,32,4.0,31.0,23.0,8.0,0.258064516,0.705918206087096,0.625,0.9403270581919732,0.325859729,282.9354839,72.33161387,299.0,190.0,364.0,24.04193548,4.315304098,25.0,23.5,26.9,2490415,1702108,1.12313200498132,3.0,0.01046754229989,0.0032385750269881,1.5151515151515151
Rem_Suprasl_2015_4101604.laz,4101604,64,5.0,53.0,35.0,18.0,0.339622642,1.41356374181798,0.3125,0.9407818213528382,0.732733702,200.9622642,124.3452022,153.0,80.8,406.0,15.82641509,7.265941385,12.9,7.66,26.92,2473908,1770755,1.630872030237581,5.0,0.0235901986895324,0.0157065107703254,1.945945945945946
Rem_Suprasl_2015_3100704.laz,3100704,44,4.0,35.0,28.0,7.0,0.2,1.1683678340306,0.363636363636364,1.023961010462621,0.470491948,275.4,92.53527149,265.0,146.0,389.6,27.00571429,6.073517387,29.9,18.94,33.9,3140111,2755681,1.4029234858022102,4.0,0.0133883105468346,0.0071556350626118,2.4081632653061225
Rem_Piensk_2016_2400402.laz,2400402,151,3.0,138.0,137.0,1.0,0.007246377,0.13746979839655,0.741721854304636,1.128043955095426,0.80309567,130.9927536,33.90723635,129.5,87.7,180.3,14.98550725,1.740272263,15.4,12.74,16.7,1757689,903393,1.198591076819859,4.0,0.0336694418363337,0.0179233621755253,2.3184713375796178
Rem_Katrynka_2016_1800905.laz,1800905,15,2.0,14.0,14.0,0.0,0.0,0.540204142388861,0.666666666666667,0.972006189409067,0.215680028,458.7142857,124.3211898,451.0,286.3,600.4,30.13571429,5.313351419,31.65,20.79,34.97,2201301,1702634,1.1356377390208028,3.0,0.0041313258192437,0.0,0.6666666666666666
Rem_Katrynka_2016_3701705.laz,3701705,45,5.0,36.0,22.0,14.0,0.388888889,1.34163468931699,0.288888888888889,0.9187714595369422,0.686400804,258.6666667,110.9705238,265.0,113.5,401.0,23.00833333,6.852126886,26.5,11.4,28.85,2719501,1952541,1.3270303360087063,4.0,0.0077036110575934,0.0041695621959694,1.7142857142857142
Rem_Suprasl_2015_2503004.laz,2503004,41,2.0,26.0,26.0,0.0,0.0,0.36692499127271,0.51219512195122,0.9081096657312644,0.077296259,216.5384615,115.4695564,199.5,111.5,369.0,19.9,7.285766947,20.35,11.05,29.05,2336491,2174078,1.20901764765888,4.0,0.0117401362068127,0.0046164343560574,1.5217391304347827
Rem_Herby_2016_4000506.laz,4000506,29,3.0,22.0,10.0,12.0,0.545454545,0.856997754778064,0.344827586206897,0.5969975841168984,0.691980295,314.1363636,107.0955494,307.5,207.7,474.6,22.65,4.813646277,21.6,16.49,29.12,2597800,2394984,1.6279010293459495,5.0,0.0091543658463114,0.0067893514382705,2.27027027027027
Rem_Milicz_2015_4005301.laz,4005301,6,1.0,15.0,0.0,15.0,1.0,0.0,1.0,0.7715687387009665,1.31436727,326.4666667,304.1658069,109.0,72.8,713.0,19.45333333,12.84733806,10.7,8.1,35.92,3203526,2639843,1.0927265420936307,2.0,0.0020202449671481,0.0005225342913128,1.1428571428571428
Rem_Gorlice_2015_2800303.laz,2800303,34,3.0,45.0,41.0,4.0,0.088888889,0.419483369306181,0.647058823529412,0.9705986735986016,0.42506928,189.7111111,139.0824841,140.0,89.4,393.0,16.02444444,6.335009348,13.9,10.22,26.18,2527812,1805547,1.228731533367295,4.0,0.0156928392920882,0.011138014527845,1.6
Rem_Gorlice_2015_5204803.laz,5204803,22,2.0,5.0,4.0,1.0,0.2,0.658109987543114,0.5,0.6899239617384705,-0.202717749,246.2,52.00673033,215.0,204.6,304.4,20.1,4.950757518,22.0,15.0,24.64,2773276,2484319,1.375923645320197,4.0,0.0128527324560245,0.0076891946580331,2.48
Rem_Katrynka_2016_2201705.laz,2201705,33,2.0,19.0,19.0,0.0,0.0,0.336495757583516,0.484848484848485,1.042056998745575,0.336981134,250.9473684,212.3818557,121.0,83.6,629.0,18.31052632,10.52082035,12.0,7.44,31.04,2750799,2502787,1.3409927942353883,4.0,0.0195412302187417,0.0080244554833779,1.5609756097560976
Rem_Gorlice_2015_6004603.laz,6004603,37,3.0,20.0,12.0,8.0,0.4,0.247750827451536,0.891891891891892,0.9409004565723866,0.254881358,279.95,219.3517903,135.0,76.8,551.9,20.56,15.38295023,11.05,5.77,37.52,2357643,2195409,1.335814424049718,4.0,0.0274693590515972,0.0205843293492695,3.1219512195121952
Rem_Suprasl_2015_3000604.laz,3000604,20,4.0,20.0,1.0,19.0,0.95,1.12692879480068,0.4,0.4435089685322337,0.649710918,171.6,96.68364037,132.0,84.8,284.7,11.635,7.836438168,9.55,1.0,23.69,2553560,2452958,1.399562194179758,4.0,0.0492814831049103,0.012326656394453,1.7391304347826086
Rem_Katrynka_2016_2000905.laz,2000905,15,4.0,12.0,10.0,2.0,0.166666667,0.636514168294813,0.4,1.180520151751832,0.60769851,413.75,158.5726819,380.5,231.8,606.8,29.55833333,6.481927089,29.75,20.76,36.34,2570957,2236366,1.1098202940642583,3.0,0.0035414267102569,0.0018975332068311,0.9411764705882352
Rem_Gorlice_2015_7904603.laz,7904603,37,3.0,18.0,16.0,2.0,0.111111111,0.142505867392738,0.810810810810811,0.8306745636585372,-0.116168094,305.7222222,62.47334072,303.5,240.6,388.8,16.16666667,2.134864646,16.25,15.1,18.25,2389756,966587,1.2386355773887774,4.0,0.037718080331645,0.0284659989457037,3.1794871794871797
Rem_Katrynka_2016_4701305.laz,4701305,36,2.0,29.0,29.0,0.0,0.0,0.163023629494366,0.694444444444444,0.8524473632873982,-0.163999612,254.4137931,160.2454629,224.0,76.6,511.8,21.67241379,10.83786011,22.6,6.88,34.22,4090112,3409292,1.1602982292637465,3.0,0.0085272678110431,0.0037301199587472,1.4210526315789471
Rem_Gorlice_2015_5201303.laz,5201303,33,2.0,28.0,13.0,15.0,0.535714286,1.3937747880107,0.363636363636364,0.8181948243719926,0.523016553,268.1071429,148.505478,260.0,90.3,451.7,18.76785714,7.429672919,22.2,8.79,26.36,3524623,2278044,1.52862130294447,5.0,0.0216244271060891,0.0138677885898279,2.3157894736842106
Rem_Gorlice_2015_6703803.laz,6703803,22,4.0,18.0,13.0,5.0,0.277777778,0.214559155176405,0.772727272727273,0.9412435006723888,0.691237093,349.8888889,159.2023828,363.5,135.0,553.2,25.41111111,10.20904379,28.8,11.05,35.03,1906096,1657440,1.3112294288480155,4.0,0.0249308719156164,0.0145154086645824,2.592592592592593
Rem_Gorlice_2015_7305703.laz,7305703,24,2.0,42.0,20.0,22.0,0.523809524,0.214559155176405,0.666666666666667,0.9248945999207268,0.366186474,199.2142857,122.8928813,147.0,80.7,389.9,17.10714286,7.094016471,16.1,8.31,25.27,2853436,2310770,1.3313683931646576,5.0,0.0116780476042822,0.0078198310916484,2.4827586206896552
Rem_Suprasl_2015_1902204.laz,1902204,13,2.0,11.0,11.0,0.0,0.0,0.689009238476659,0.461538461538462,1.234894477988278,0.302466218,474.9090909,102.1141073,500.0,360.0,606.0,31.27272727,3.975698909,31.7,25.1,36.6,2281373,1622185,1.134004983208753,4.0,0.0043861085054422,0.0009760727963078,1.125
Rem_Gorlice_2015_6804603.laz,6804603,17,4.0,22.0,6.0,16.0,0.727272727,0.286835983056161,0.588235294117647,0.6548803527460041,0.565718353,275.0,175.0504689,193.5,104.4,514.4,19.99545455,8.93577493,19.6,10.0,31.86,3189112,2486416,1.2707767263187482,4.0,0.0170156277658392,0.0057037409830565,1.9047619047619049
Rem_Gorlice_2015_7004603.laz,7004603,28,3.0,64.0,64.0,0.0,0.0,1.5826701164974,0.25,0.8826964895488729,0.047429346,148.203125,113.6106103,106.0,78.3,322.0,10.78125,5.215327685,8.85,6.69,20.39,2229194,1335947,1.426193820224719,5.0,0.0123850043587787,0.0077173030056864,2.2580645161290325
Rem_Suprasl_2015_2102404.laz,2102404,23,3.0,30.0,29.0,1.0,0.033333333,0.304636097349238,0.826086956521739,0.865656081667755,0.292601649,215.6666667,92.03385184,213.0,93.7,334.6,18.99333333,6.202665352,20.5,9.95,25.9,2959788,2447410,1.1756602698080942,4.0,0.0194743625926169,0.0115461847389558,1.9259259259259256
Rem_Katrynka_2016_2101205.laz,2101205,16,2.0,14.0,14.0,0.0,0.0,0.693147180559945,0.4375,0.8125259283343005,0.397343914,339.3571429,161.2263612,393.0,134.8,515.8,25.98571429,9.325387774,30.65,13.58,34.21,2807473,1967750,1.1835797043547742,3.0,0.0180242435072912,0.0106009206672708,1.6
Rem_Gorlice_2015_7503903.laz,7503903,34,3.0,39.0,17.0,22.0,0.564102564,1.15374194270109,0.411764705882353,0.9087258400867536,0.493345565,207.1794872,127.7826839,174.0,78.8,383.2,17.74615385,7.603525711,17.2,8.2,27.96,2764111,1667696,1.364735985112817,4.0,0.0150884256796483,0.008869572057898,1.947368421052632
Rem_Gorlice_2015_6005403.laz,6005403,14,3.0,28.0,17.0,11.0,0.392857143,0.859967281035505,0.5,1.063739395970982,0.304784605,287.3571429,77.0777454,304.5,194.6,378.5,21.95714286,4.486145634,23.0,16.61,26.0,1418874,931319,1.265736090274607,4.0,0.0082012380957983,0.0057913025165841,2.533333333333333
Rem_Gorlice_2015_7404903.laz,7404903,10,3.0,34.0,1.0,33.0,0.970588235,0.0,0.8,0.6841738296220591,0.351011982,174.4117647,97.24979322,148.0,81.8,313.9,14.6,4.56123322,15.3,8.77,20.67,1859255,220991,1.1597701149425288,3.0,0.0076172400617412,0.0039088526629058,2.0
Rem_Katrynka_2016_3201005.laz,3201005,32,5.0,31.0,25.0,6.0,0.193548387,0.837809082186546,0.53125,1.100890213086768,0.595825291,216.1290323,83.45487481,237.0,102.0,316.0,19.69032258,6.895426254,23.5,9.2,25.3,2725865,1996853,1.268648875814247,4.0,0.0149821943426113,0.0035004377684751,1.0
Rem_Suprasl_2015_4001004.laz,4001004,43,2.0,35.0,35.0,0.0,0.0,0.685314207276458,0.418604651162791,0.9393640106220938,0.409365431,277.2285714,144.2149306,283.0,91.2,443.4,22.49428571,9.774785776,23.6,9.18,32.86,2987883,2584354,1.3641979795043244,4.0,0.0127874412014215,0.0060127771514468,1.5555555555555556
Rem_Gorlice_2015_7404103.laz,7404103,57,1.0,14.0,0.0,14.0,1.0,0.692849709063535,0.368421052631579,0.9048822220397712,1.051768405,406.5,258.1918637,425.5,117.4,648.9,23.6,9.627684441,27.7,10.43,33.24,2037077,1596150,1.5578534031413611,5.0,0.0298086887666548,0.016108025019643,2.7096774193548385
Rem_Piensk_2016_2101702.laz,2101702,33,4.0,31.0,17.0,14.0,0.451612903,1.23091226538903,0.333333333333333,0.8542795970439583,0.344210977,238.7096774,97.17996829,221.0,111.0,373.0,17.53870968,4.506120092,18.8,10.1,21.6,2428111,2277329,1.3439495230226095,4.0,0.0246249448253418,0.0168376233129907,2.6666666666666665
Rem_Katrynka_2016_5101105.laz,5101105,46,4.0,43.0,36.0,7.0,0.162790698,1.01004484210167,0.391304347826087,0.9417033783681852,0.864658835,234.0697674,114.6504824,239.0,88.2,388.4,22.28604651,9.790947748,21.0,9.22,34.32,1855017,1803925,1.4233272032819353,5.0,0.0134440816829109,0.0072463768115942,1.5471698113207548
Rem_Gorlice_2015_6504403.laz,6504403,42,2.0,34.0,1.0,33.0,0.970588235,1.02744460574285,0.380952380952381,0.8978287441704405,0.553536467,247.6470588,120.4330274,268.0,83.1,394.3,20.55588235,8.943702412,23.75,6.22,29.21,3854001,2950330,1.33759110376437,4.0,0.0228224359508934,0.0081880470995094,2.1923076923076925
Rem_Katrynka_2016_5601205.laz,5601205,34,3.0,18.0,0.0,18.0,1.0,0.905114058390408,0.382352941176471,1.070746399693856,0.284789466,319.3333333,131.4247716,253.5,204.4,519.6,25.91666667,6.03102274,25.25,18.52,33.03,2328854,1543067,1.283974716490054,4.0,0.0182192860208762,0.0087085113374958,1.542857142857143
Rem_Katrynka_2016_4501505.laz,4501505,51,2.0,40.0,40.0,0.0,0.0,0.376770161256437,0.686274509803922,0.8334999575573059,0.080383813,204.4,109.0092445,177.0,87.9,325.9,18.1125,7.087337481,19.0,7.9,27.05,3477254,3095964,1.2653408125106238,4.0,0.0064789683329248,0.0033057851239669,1.2881355932203389
Rem_Gorlice_2015_5904503.laz,5904503,36,2.0,8.0,0.0,8.0,1.0,0.0,0.75,0.7444745102419238,0.593503513,413.75,76.23600574,395.5,341.0,499.8,34.575,2.182887995,34.25,32.68,36.95,1892263,1107844,1.4031492950322837,5.0,0.0268007268714492,0.0262082231305602,3.2093023255813957
Rem_Milicz_2015_3601901.laz,3601901,42,1.0,8.0,8.0,0.0,0.0,0.0,0.80952380952381,0.6779025136534212,-0.174911031,419.0,71.99007868,418.5,342.2,494.7,27.1625,1.062258376,27.1,26.09,28.49,1019353,927010,1.7497715702910848,6.0,0.0862016774936303,0.0457380457380457,3.395348837209302
Rem_Katrynka_2016_4001405.laz,4001405,40,2.0,34.0,34.0,0.0,0.0,0.691416077617118,0.45,1.023517135495698,0.4181067,274.7352941,96.81231728,262.5,165.0,385.0,25.64117647,6.270861796,28.65,16.44,32.94,3454132,3094503,1.2673554468007977,3.0,0.0092258535598194,0.002360346184107,1.2195121951219512
Rem_Gorlice_2015_6105103.laz,6105103,23,1.0,21.0,0.0,21.0,1.0,1.11748995942315,0.347826086956522,0.6813930751988756,0.700291487,305.5238095,164.7933916,291.0,135.0,588.0,22.36666667,8.474628802,24.5,11.3,30.8,3005484,2044276,1.40468404772426,4.0,0.0148432339314154,0.0095382759922049,2.125
Rem_Suprasl_2015_3601604.laz,3601604,55,3.0,42.0,24.0,18.0,0.428571429,0.861395059351703,0.345454545454545,1.016637698865819,0.318077496,196.5714286,97.12052931,167.0,93.1,354.1,18.5047619,7.792552804,16.45,9.2,28.37,2892591,2677308,,,,,
Rem_Katrynka_2016_5401105.laz,5401105,7,3.0,35.0,11.0,24.0,0.685714286,0.500402423538188,0.571428571428571,0.4712997307465964,0.59135078,225.1142857,82.51693995,213.0,113.0,334.0,21.89428571,5.236014585,23.6,13.4,26.8,2564302,1670356,1.0958154086820493,3.0,0.0084911598400254,0.0047547274506992,1.6
Rem_Herby_2016_7904506.laz,7904506,36,2.0,42.0,0.0,42.0,1.0,0.826924140441323,0.555555555555556,0.7550038257608268,0.7336228,209.0,111.3561634,176.5,102.3,340.0,16.02380952,3.685158733,16.95,10.33,19.96,3256055,2560346,1.3818420190101606,5.0,0.0280357134381129,0.0214934641689812,2.9473684210526314
Rem_Gorlice_2015_8505103.laz,8505103,27,4.0,28.0,18.0,10.0,0.357142857,0.974341780768986,0.481481481481481,0.5968954374239681,0.534123359,258.7857143,120.537794,302.0,91.7,392.1,20.68928571,7.760170831,24.5,8.4,28.33,3113953,2738994,1.297801218243946,4.0,0.017380309596796,0.0116484383647731,2.9411764705882355
Rem_Gorlice_2015_7305103.laz,7305103,27,2.0,20.0,0.0,20.0,1.0,0.191444081957717,0.740740740740741,0.6018080043929467,0.608787615,255.3,150.2342382,266.5,74.8,431.8,19.55,8.284322543,22.6,8.15,27.75,3119442,2792087,1.3303012601185011,6.0,0.0748932471767133,0.0354519707148627,2.533333333333333
Rem_Herby_2017_4401506.laz,4401506,52,6.0,24.0,5.0,19.0,0.791666667,1.60646563568842,0.576923076923077,0.9768192937540298,0.918386918,242.5833333,123.8670103,219.0,85.9,404.2,19.14166667,8.25232071,21.5,8.26,28.5,1485538,1259957,1.507739293399042,5.0,0.0175538560188651,0.0071229912407752,1.8571428571428568
Rem_Milicz_2015_3805501.laz,3805501,11,3.0,14.0,7.0,7.0,0.5,0.89794572485678,0.545454545454545,0.9594229367873516,0.61601203,367.2142857,198.0295932,431.0,84.7,559.4,27.95714286,12.44796643,34.65,8.91,37.06,2433301,1801418,1.1147795487476713,3.0,0.0019871127755088,0.0008800122436486,0.8571428571428571
Rem_Gorlice_2015_0601903.laz,601903,33,7.0,21.0,4.0,17.0,0.80952381,1.54302931926,0.393939393939394,0.7439526968904986,1.335146234,284.9047619,175.5921139,265.0,86.0,535.0,21.05238095,8.879449254,23.6,11.1,32.0,2320337,1763353,1.6081599676832965,5.0,0.0121024689135883,0.0089901858194541,1.6666666666666667
Rem_Gorlice_2015_6105603.laz,6105603,16,1.0,26.0,26.0,0.0,0.0,0.0,0.875,0.4080562088559783,-0.421178299,253.3076923,49.06303638,243.5,199.5,330.0,21.41923077,0.773055874,21.4,20.55,22.25,3028577,2650851,1.3981057517405755,5.0,0.0343552379490478,0.0269981858926475,4.105263157894737
Rem_Piensk_2016_1501902.laz,1501902,79,3.0,57.0,34.0,23.0,0.403508772,0.708832947994361,0.443037974683544,1.004422863927806,0.475773923,166.1929825,84.79374947,157.0,78.0,282.6,14.88947368,4.503716093,13.4,10.16,21.2,2269457,1945152,1.564697265625,5.0,0.028796204038451,0.0160951714485654,2.32
Rem_Gorlice_2015_0101703.laz,101703,48,6.0,43.0,29.0,14.0,0.325581395,1.15188244334623,0.458333333333333,0.7701045368523805,0.771743814,173.6744186,102.8717928,137.0,75.2,316.2,14.88837209,6.71530623,13.7,6.92,24.32,2298580,1568384,1.265464136816132,4.0,0.0131161071343851,0.0057870021974052,1.56
Rem_Gorlice_2015_6805703.laz,6805703,23,4.0,14.0,0.0,14.0,1.0,1.32197007451676,0.260869565217391,0.8982167431761807,1.38846316,374.1428571,269.7277423,491.0,84.0,644.5,20.97142857,11.5456571,26.95,7.02,32.21,3248304,2936609,1.5230613279270149,4.0,0.0161831023968713,0.0138133110087902,2.56
Rem_Suprasl_2015_3501204.laz,3501204,30,7.0,28.0,11.0,17.0,0.607142857,1.64441457748517,0.3,1.05180901957804,0.859486175,254.1428571,113.1929569,263.0,99.8,387.0,23.075,9.329428747,24.3,10.41,33.38,2548008,1588923,1.393246662594887,4.0,0.015031561433374,0.0074472605572895,1.588235294117647
Rem_Milicz_2015_8300301.laz,8300301,9,6.0,39.0,8.0,31.0,0.794871795,1.27302833658963,0.444444444444444,0.825922343136856,0.715766089,179.9487179,94.3738224,142.0,82.8,325.4,14.12564103,5.220542316,12.2,8.98,23.02,4735578,3839049,1.0754637436762229,3.0,0.0032102343878374,0.0022198731501057,1.3333333333333333
Rem_Herby_2017_3203406.laz,3203406,52,5.0,50.0,22.0,28.0,0.56,0.872650444211456,0.442307692307692,0.8799582867473681,0.554289859,184.8,83.63672663,159.5,100.0,280.6,16.386,6.534117994,16.8,8.29,24.82,4384691,3748716,1.3828729809805984,4.0,0.0307697431571937,0.0144880930374235,1.5925925925925926
Rem_Gorlice_2015_7204703.laz,7204703,11,2.0,39.0,0.0,39.0,1.0,0.0,0.545454545454545,0.5716708880359572,0.572800512,159.5128205,123.7380237,134.0,88.0,221.4,16.16923077,5.689794828,15.8,8.82,22.82,3569386,3042722,1.192404101785036,4.0,0.0197755864391891,0.0040908601571751,2.363636363636364
Rem_Suprasl_2015_3400504.laz,3400504,70,5.0,56.0,42.0,14.0,0.25,1.29519559291624,0.357142857142857,0.9327276208377626,0.547265509,208.4464286,102.247813,182.5,87.5,364.5,20.94821429,8.383533451,20.45,9.45,30.85,4307112,3927421,1.4411591644601354,5.0,0.0277661554147588,0.0150063844276715,2.263157894736842
Rem_Katrynka_2016_0600405.laz,600405,41,3.0,32.0,18.0,14.0,0.4375,0.940691180657543,0.414634146341463,0.910699298672484,0.241616956,227.90625,91.33608953,217.0,122.0,371.7,19.590625,4.169502127,18.75,14.96,25.99,2681227,1009437,1.2353290870488325,4.0,0.0187391673943986,0.0114644173036972,2.333333333333333
Rem_Milicz_2015_6900801.laz,6900801,11,2.0,27.0,21.0,6.0,0.222222222,0.376770161256437,0.636363636363636,1.082841272777369,0.168789057,264.8518519,88.4258506,274.0,145.0,351.2,22.3037037,6.401350908,24.5,11.7,27.78,2476303,1806562,1.09578513065286,3.0,0.0071674250932035,0.0031460674157303,1.4545454545454546
Rem_Gorlice_2015_2902903.laz,2902903,6,2.0,4.0,0.0,4.0,1.0,0.562335144618808,0.5,0.7143020427150191,0.528736788,474.75,117.9162839,514.5,361.5,556.2,35.175,6.02570881,37.15,29.43,39.34,2198225,1814582,1.166249447798557,3.0,0.0038761164252807,0.0027526710046361,1.3333333333333333
Rem_Katrynka_2016_4601905.laz,4601905,35,2.0,34.0,22.0,12.0,0.352941176,0.62879939409378,0.6,0.7731475067210661,0.222808438,184.5294118,101.6062618,157.0,93.9,341.3,14.67352941,5.494477052,13.6,8.42,23.37,3459201,3273973,1.1934142872771032,3.0,0.0122327640496709,0.0067700987306064,1.8285714285714283
Rem_Suprasl_2015_2801204.laz,2801204,30,5.0,26.0,18.0,8.0,0.307692308,1.30622054342388,0.366666666666667,1.062009921761962,0.546733115,274.1923077,105.8625597,247.5,159.5,431.0,24.55769231,6.752195085,23.45,17.35,33.75,2993289,1824732,1.2693085321471895,4.0,0.0192964918439011,0.0098376783079193,1.8285714285714283
Rem_Gorlice_2015_6304803.laz,6304803,47,2.0,23.0,20.0,3.0,0.130434783,0.690662696776406,0.723404255319149,0.8860005559320112,0.220898716,291.8695652,131.8622919,318.0,125.0,438.4,23.03913043,8.559351034,26.7,10.54,30.32,2846985,1872074,1.3224709549447435,4.0,0.0312260074349817,0.0211678832116788,1.8545454545454545
Rem_Milicz_2015_4504701.laz,4504701,16,2.0,14.0,0.0,14.0,1.0,0.682908104700472,0.5,0.7974384287805028,0.698508169,345.0714286,116.6516605,362.0,195.9,469.8,29.65714286,6.200336751,32.45,22.19,35.37,2186215,1932880,1.3510902094912356,4.0,0.0182862270126887,0.0074743070694487,1.5294117647058822
Rem_Katrynka_2016_3702205.laz,3702205,46,3.0,41.0,39.0,2.0,0.048780488,0.839604899860971,0.434782608695652,0.8593338056735247,0.264195449,242.6341463,125.3227346,216.0,96.0,419.0,21.65365854,8.06325299,21.4,10.9,31.2,2703435,2294955,1.3665060013231265,4.0,0.0227514496934116,0.0111107372010589,2.0434782608695654
Rem_Suprasl_2015_3001704.laz,3001704,24,4.0,25.0,19.0,6.0,0.24,0.82465932376647,0.541666666666667,0.985072859182247,0.282008009,204.72,123.5426782,170.0,83.6,405.6,18.556,7.750058064,17.1,8.9,30.3,2874300,2540386,1.4138392857142856,4.0,0.0482959029340367,0.0173781963990388,2.0
Rem_Suprasl_2015_2900904.laz,2900904,51,3.0,37.0,33.0,4.0,0.108108108,0.931443178165372,0.392156862745098,0.8606475533708052,0.136807082,207.4864865,105.6536852,206.0,90.2,355.6,18.82702703,7.969269054,18.2,9.82,28.8,3086295,2423219,1.5170806137153514,6.0,0.0285547543653773,0.0169665809768637,2.581818181818182
Rem_Suprasl_2015_3501704.laz,3501704,62,5.0,44.0,32.0,12.0,0.272727273,1.40124795386145,0.338709677419355,0.9758096018436342,0.723240517,238.1136364,91.49182602,250.0,117.9,345.5,22.94090909,7.750688437,23.9,12.8,31.57,3528910,2494762,1.2980395148371349,4.0,0.0100403969673306,0.0040215746740122,1.5757575757575757
Rem_Gorlice_2015_3203303.laz,3203303,41,3.0,30.0,24.0,6.0,0.2,0.616128669601866,0.536585365853659,0.7136559438744254,0.293134027,199.1,115.0482208,148.5,97.3,361.7,16.12,5.928388744,15.6,8.59,24.62,3560242,2419643,1.4043360433604335,4.0,0.0328779051711985,0.019277941503116,2.0869565217391304
Rem_Gorlice_2015_7405403.laz,7405403,34,3.0,36.0,23.0,13.0,0.361111111,0.315396287422662,0.705882352941176,0.7582903811789213,0.325118803,268.6944444,68.99599137,267.5,175.5,361.5,25.17777778,5.758477532,27.5,17.65,29.35,1084215,893703,1.2856823599523242,4.0,0.0292502383722766,0.0167464114832535,2.097560975609756
Rem_Gorlice_2015_8405203.laz,8405203,42,3.0,39.0,12.0,27.0,0.692307692,1.46719585703789,0.285714285714286,0.8320596914385169,0.545492194,187.2820513,104.3170644,128.0,75.4,318.4,13.05897436,5.370862812,13.6,5.78,19.84,3491922,3227054,1.4071722346489646,4.0,0.0326362495961259,0.0142348754448398,2.425531914893617
Rem_Milicz_2015_7700601.laz,7700601,17,1.0,23.0,0.0,23.0,1.0,0.693147180559945,0.411764705882353,0.9897047450957268,0.382562078,232.173913,158.2792849,164.0,90.0,457.4,17.4826087,7.516506211,18.3,7.32,26.24,3030015,1086481,1.61929012345679,5.0,0.0091809370177637,0.0067226890756302,2.3529411764705883
Rem_Katrynka_2016_5201205.laz,5201205,27,6.0,31.0,14.0,17.0,0.548387097,1.19729701543428,0.407407407407407,0.7349628995122348,1.322498576,261.9677419,174.8834819,190.0,87.0,525.0,19.72580645,9.94266791,20.3,7.0,30.2,2020657,1728757,1.3672215792753497,5.0,0.0375807000139093,0.0320855614973262,3.111111111111111
Rem_Katrynka_2016_3201705.laz,3201705,30,4.0,20.0,15.0,5.0,0.25,1.0908672785735,0.366666666666667,0.924115127099564,0.348911947,311.2,136.0555614,349.0,135.6,451.6,24.69,7.642257864,29.05,14.22,32.1,3012826,2815906,1.3822778555546404,5.0,0.0149896865657405,0.0065298507462686,1.8064516129032255
Rem_Katrynka_2016_3101005.laz,3101005,6,2.0,10.0,7.0,3.0,0.3,0.673011667009257,0.5,0.5635027852628557,0.363872063,185.0,108.7126692,145.5,89.8,317.7,15.66,8.910193912,15.0,7.13,27.54,3505484,2859205,1.2126196172248804,3.0,0.0526513592476904,0.0284875485508217,2.5
Rem_Gorlice_2015_7304103.laz,7304103,34,2.0,22.0,0.0,22.0,1.0,0.670008979827427,0.470588235294118,0.5865992383798491,0.599423764,192.4090909,130.7817736,138.0,92.1,352.3,16.05454545,6.217083015,15.15,9.93,23.76,3141880,2343981,1.6244927190260203,5.0,0.0528717584963918,0.0345202564184196,3.684210526315789
Rem_Suprasl_2015_4201404.laz,4201404,53,5.0,42.0,31.0,11.0,0.261904762,1.24003240418452,0.358490566037736,0.8935522614486576,0.844257354,241.5952381,112.2464752,243.5,91.8,390.2,23.65714286,8.214209665,24.75,11.4,33.49,3372402,2644639,1.3588108711245717,4.0,0.0152009390553653,0.0094269851054495,1.862068965517241
Rem_Katrynka_2016_3101605.laz,3101605,20,4.0,21.0,18.0,3.0,0.142857143,0.876005765643174,0.4,0.7495970990983144,0.32142341,290.1428571,150.8112349,295.0,81.0,479.0,22.61428571,10.22209791,25.4,6.0,31.9,3367144,3130167,1.3419574809466506,5.0,0.0294543119571248,0.0027179188507086,1.826086956521739
Rem_Milicz_2015_4903501.laz,4903501,35,6.0,30.0,7.0,23.0,0.766666667,1.57482395032988,0.342857142857143,1.164367190860074,0.671473069,247.6,86.41743119,244.0,140.3,352.5,22.7,5.497522953,24.65,15.46,27.76,3987216,3698208,1.4271148873291466,5.0,0.044114999827299,0.0235655737704918,3.230769230769231
Rem_Milicz_2015_4703801.laz,4703801,34,3.0,26.0,17.0,9.0,0.346153846,0.88186313134152,0.441176470588235,1.244410341947764,0.306309579,283.6923077,64.07481204,272.0,221.0,357.5,26.46153846,4.542340976,28.7,20.05,30.45,1969008,1651669,1.402262042651768,4.0,0.0173823177374907,0.008678881388621,2.4864864864864864
Rem_Milicz_2015_4001301.laz,4001301,33,6.0,34.0,0.0,34.0,1.0,1.35084635735713,0.484848484848485,0.8534782243350801,1.303787339,240.0882353,175.3174381,185.0,97.1,487.6,17.62941176,7.266758246,16.4,10.62,30.06,3837531,3447091,1.354809286898839,4.0,0.011848151453413,0.0042338835746524,1.7647058823529411
Rem_Suprasl_2015_4300804.laz,4300804,11,4.0,15.0,9.0,6.0,0.4,1.25548232517875,0.272727272727273,0.5979164109884679,0.753844226,299.5333333,164.1544859,286.0,119.8,544.8,19.98666667,8.690624395,21.3,7.38,30.4,2457356,1957283,1.0815771583956493,3.0,0.0073057841648638,0.0051670333043433,1.2727272727272727
Rem_Suprasl_2015_3602204.laz,3602204,80,4.0,53.0,29.0,24.0,0.452830189,1.15003262570805,0.3625,0.945248796978867,0.683455016,182.9245283,81.03272109,160.0,87.2,288.0,20.12830189,5.970870873,18.8,13.08,27.22,3756322,2579008,1.4056151015837466,4.0,0.0360446674848993,0.0223175965665236,2.048192771084337
